-100.0,0.0,0.0,0.0,0.0,0.0,0.0,0.0,0.0,200.0,0.0,0.0,0.0,0.0,0.0,0.0,0.0,0.0,200.0,0.0,0.0,0.0,0.0,0.0,0.0,0.0,0.0,200.0,0.0,0.0,0.0,0.0,0.0,0.0,0.0,0.0,200.0,0.0,0.0,0.0,0.0,0.0,0.0,0.0,0.0,200.0,0.0,0.0,0.0,0.0,0.0,0.0,0.0,0.0,200.0,0.0,0.0,0.0,0.0,0.0,0.0,0.0,0.0,200.0,0.0,0.0,0.0,0.0,0.0,0.0,0.0,0.0,200.0,0.0,0.0,0.0,0.0,0.0,0.0,0.0,0.0,200.0,0.0,0.0,0.0,0.0,0.0,0.0,0.0,0.0,200.0,0.0,0.0,0.0,0.0,0.0,0.0,0.0,0.0
0.0,-100.0,0.0,0.0,0.0,0.0,0.0,0.0,0.0,0.0,200.0,0.0,0.0,0.0,0.0,0.0,0.0,0.0,0.0,200.0,0.0,0.0,0.0,0.0,0.0,0.0,0.0,0.0,200.0,0.0,0.0,0.0,0.0,0.0,0.0,0.0,0.0,200.0,0.0,0.0,0.0,0.0,0.0,0.0,0.0,0.0,200.0,0.0,0.0,0.0,0.0,0.0,0.0,0.0,0.0,200.0,0.0,0.0,0.0,0.0,0.0,0.0,0.0,0.0,200.0,0.0,0.0,0.0,0.0,0.0,0.0,0.0,0.0,200.0,0.0,0.0,0.0,0.0,0.0,0.0,0.0,0.0,200.0,0.0,0.0,0.0,0.0,0.0,0.0,0.0,0.0,200.0,0.0,0.0,0.0,0.0,0.0,0.0,0.0
0.0,0.0,-100.0,0.0,0.0,0.0,0.0,0.0,0.0,0.0,0.0,200.0,0.0,0.0,0.0,0.0,0.0,0.0,0.0,0.0,200.0,0.0,0.0,0.0,0.0,0.0,0.0,0.0,0.0,200.0,0.0,0.0,0.0,0.0,0.0,0.0,0.0,0.0,200.0,0.0,0.0,0.0,0.0,0.0,0.0,0.0,0.0,200.0,0.0,0.0,0.0,0.0,0.0,0.0,0.0,0.0,200.0,0.0,0.0,0.0,0.0,0.0,0.0,0.0,0.0,200.0,0.0,0.0,0.0,0.0,0.0,0.0,0.0,0.0,200.0,0.0,0.0,0.0,0.0,0.0,0.0,0.0,0.0,200.0,0.0,0.0,0.0,0.0,0.0,0.0,0.0,0.0,200.0,0.0,0.0,0.0,0.0,0.0,0.0
0.0,0.0,0.0,-100.0,0.0,0.0,0.0,0.0,0.0,0.0,0.0,0.0,200.0,0.0,0.0,0.0,0.0,0.0,0.0,0.0,0.0,200.0,0.0,0.0,0.0,0.0,0.0,0.0,0.0,0.0,200.0,0.0,0.0,0.0,0.0,0.0,0.0,0.0,0.0,200.0,0.0,0.0,0.0,0.0,0.0,0.0,0.0,0.0,200.0,0.0,0.0,0.0,0.0,0.0,0.0,0.0,0.0,200.0,0.0,0.0,0.0,0.0,0.0,0.0,0.0,0.0,200.0,0.0,0.0,0.0,0.0,0.0,0.0,0.0,0.0,200.0,0.0,0.0,0.0,0.0,0.0,0.0,0.0,0.0,200.0,0.0,0.0,0.0,0.0,0.0,0.0,0.0,0.0,200.0,0.0,0.0,0.0,0.0,0.0
0.0,0.0,0.0,0.0,-100.0,0.0,0.0,0.0,0.0,0.0,0.0,0.0,0.0,200.0,0.0,0.0,0.0,0.0,0.0,0.0,0.0,0.0,200.0,0.0,0.0,0.0,0.0,0.0,0.0,0.0,0.0,200.0,0.0,0.0,0.0,0.0,0.0,0.0,0.0,0.0,200.0,0.0,0.0,0.0,0.0,0.0,0.0,0.0,0.0,200.0,0.0,0.0,0.0,0.0,0.0,0.0,0.0,0.0,200.0,0.0,0.0,0.0,0.0,0.0,0.0,0.0,0.0,200.0,0.0,0.0,0.0,0.0,0.0,0.0,0.0,0.0,200.0,0.0,0.0,0.0,0.0,0.0,0.0,0.0,0.0,200.0,0.0,0.0,0.0,0.0,0.0,0.0,0.0,0.0,200.0,0.0,0.0,0.0,0.0
0.0,0.0,0.0,0.0,0.0,-100.0,0.0,0.0,0.0,0.0,0.0,0.0,0.0,0.0,200.0,0.0,0.0,0.0,0.0,0.0,0.0,0.0,0.0,200.0,0.0,0.0,0.0,0.0,0.0,0.0,0.0,0.0,200.0,0.0,0.0,0.0,0.0,0.0,0.0,0.0,0.0,200.0,0.0,0.0,0.0,0.0,0.0,0.0,0.0,0.0,200.0,0.0,0.0,0.0,0.0,0.0,0.0,0.0,0.0,200.0,0.0,0.0,0.0,0.0,0.0,0.0,0.0,0.0,200.0,0.0,0.0,0.0,0.0,0.0,0.0,0.0,0.0,200.0,0.0,0.0,0.0,0.0,0.0,0.0,0.0,0.0,200.0,0.0,0.0,0.0,0.0,0.0,0.0,0.0,0.0,200.0,0.0,0.0,0.0
0.0,0.0,0.0,0.0,0.0,0.0,-100.0,0.0,0.0,0.0,0.0,0.0,0.0,0.0,0.0,200.0,0.0,0.0,0.0,0.0,0.0,0.0,0.0,0.0,200.0,0.0,0.0,0.0,0.0,0.0,0.0,0.0,0.0,200.0,0.0,0.0,0.0,0.0,0.0,0.0,0.0,0.0,200.0,0.0,0.0,0.0,0.0,0.0,0.0,0.0,0.0,200.0,0.0,0.0,0.0,0.0,0.0,0.0,0.0,0.0,200.0,0.0,0.0,0.0,0.0,0.0,0.0,0.0,0.0,200.0,0.0,0.0,0.0,0.0,0.0,0.0,0.0,0.0,200.0,0.0,0.0,0.0,0.0,0.0,0.0,0.0,0.0,200.0,0.0,0.0,0.0,0.0,0.0,0.0,0.0,0.0,200.0,0.0,0.0
0.0,0.0,0.0,0.0,0.0,0.0,0.0,-100.0,0.0,0.0,0.0,0.0,0.0,0.0,0.0,0.0,200.0,0.0,0.0,0.0,0.0,0.0,0.0,0.0,0.0,200.0,0.0,0.0,0.0,0.0,0.0,0.0,0.0,0.0,200.0,0.0,0.0,0.0,0.0,0.0,0.0,0.0,0.0,200.0,0.0,0.0,0.0,0.0,0.0,0.0,0.0,0.0,200.0,0.0,0.0,0.0,0.0,0.0,0.0,0.0,0.0,200.0,0.0,0.0,0.0,0.0,0.0,0.0,0.0,0.0,200.0,0.0,0.0,0.0,0.0,0.0,0.0,0.0,0.0,200.0,0.0,0.0,0.0,0.0,0.0,0.0,0.0,0.0,200.0,0.0,0.0,0.0,0.0,0.0,0.0,0.0,0.0,200.0,0.0
0.0,0.0,0.0,0.0,0.0,0.0,0.0,0.0,-100.0,0.0,0.0,0.0,0.0,0.0,0.0,0.0,0.0,200.0,0.0,0.0,0.0,0.0,0.0,0.0,0.0,0.0,200.0,0.0,0.0,0.0,0.0,0.0,0.0,0.0,0.0,200.0,0.0,0.0,0.0,0.0,0.0,0.0,0.0,0.0,200.0,0.0,0.0,0.0,0.0,0.0,0.0,0.0,0.0,200.0,0.0,0.0,0.0,0.0,0.0,0.0,0.0,0.0,200.0,0.0,0.0,0.0,0.0,0.0,0.0,0.0,0.0,200.0,0.0,0.0,0.0,0.0,0.0,0.0,0.0,0.0,200.0,0.0,0.0,0.0,0.0,0.0,0.0,0.0,0.0,200.0,0.0,0.0,0.0,0.0,0.0,0.0,0.0,0.0,200.0
0.0,0.0,0.0,0.0,0.0,0.0,0.0,0.0,0.0,-599.6653520292982,200.008424,200.003159,200.001053,200.00236925,200.00868725,200.004212,200.0026325,200.0026325,400.00394875,200.0100035,200.00342225,200.00184275,200.00394875,200.00974025,200.00552825,200.00342225,200.00289575,400.00447525,200.0131625,200.006318,200.00289575,200.00658125,200.0110565,200.0057915,200.004212,200.00394875,400.006318,200.01395225,200.01053,200.00447525,200.0078975,200.01184625,200.008424,200.00447525,200.00552825,400.0068445,200.01711125,200.0110565,200.007371,200.00921375,200.0152685,200.01237275,200.008424,200.0068445,400.007371,200.0194805,200.01500525,200.01053,200.0110565,200.016848,200.0131625,200.009477,200.008424,400.0078975,200.020007,200.017901,200.0121095,200.01237275,200.018954,200.0152685,200.01026675,200.01079325,400.009477,200.02079675,200.01816425,200.01342575,200.01447875,200.0194805,200.01763775,200.01237275,200.0121095,400.01131975,200.02106,200.0184275,200.013689,200.0173745,200.01974375,200.0205335,200.01816425,200.012636,400.013689,200.022113,200.01921725,200.01553175,200.01869075,200.02027025,200.02079675,200.0184275,200.01342575
0.0,0.0,0.0,0.0,0.0,0.0,0.0,0.0,0.0,0.0,-599.517127933028,200.007776,200.002592,200.005832,200.021384,200.010368,200.00648,200.00648,200.00972,400.024624,200.008424,200.004536,200.00972,200.023976,200.013608,200.008424,200.007128,200.011016,400.0324,200.015552,200.007128,200.0162,200.027216,200.014256,200.010368,200.00972,200.015552,400.034344,200.02592,200.011016,200.01944,200.02916,200.020736,200.011016,200.013608,200.016848,400.04212,200.027216,200.018144,200.02268,200.037584,200.030456,200.020736,200.016848,200.018144,400.047952,200.036936,200.02592,200.027216,200.041472,200.0324,200.023328,200.020736,200.01944,400.049248,200.044064,200.029808,200.030456,200.046656,200.037584,200.025272,200.026568,200.023328,400.051192,200.044712,200.033048,200.03564,200.047952,200.043416,200.030456,200.029808,200.027864,400.05184,200.04536,200.033696,200.042768,200.0486,200.050544,200.044712,200.031104,200.033696,400.054432,200.047304,200.038232,200.046008,200.049896,200.051192,200.04536,200.033048
0.0,0.0,0.0,0.0,0.0,0.0,0.0,0.0,0.0,0.0,0.0,-599.7213984486857,200.000972,200.002187,200.008019,200.003888,200.00243,200.00243,200.003645,200.009234,400.003159,200.001701,200.003645,200.008991,200.005103,200.003159,200.002673,200.004131,200.01215,400.005832,200.002673,200.006075,200.010206,200.005346,200.003888,200.003645,200.005832,200.012879,400.00972,200.004131,200.00729,200.010935,200.007776,200.004131,200.005103,200.006318,200.015795,400.010206,200.006804,200.008505,200.014094,200.011421,200.007776,200.006318,200.006804,200.017982,400.013851,200.00972,200.010206,200.015552,200.01215,200.008748,200.007776,200.00729,200.018468,400.016524,200.011178,200.011421,200.017496,200.014094,200.009477,200.009963,200.008748,200.019197,400.016767,200.012393,200.013365,200.017982,200.016281,200.011421,200.011178,200.010449,200.01944,400.01701,200.012636,200.016038,200.018225,200.018954,200.016767,200.011664,200.012636,200.020412,400.017739,200.014337,200.017253,200.018711,200.019197,200.01701,200.012393
0.0,0.0,0.0,0.0,0.0,0.0,0.0,0.0,0.0,0.0,0.0,0.0,-599.746115666479,200.000729,200.002673,200.001296,200.00081,200.00081,200.001215,200.003078,200.001053,400.000567,200.001215,200.002997,200.001701,200.001053,200.000891,200.001377,200.00405,200.001944,400.000891,200.002025,200.003402,200.001782,200.001296,200.001215,200.001944,200.004293,200.00324,400.001377,200.00243,200.003645,200.002592,200.001377,200.001701,200.002106,200.005265,200.003402,400.002268,200.002835,200.004698,200.003807,200.002592,200.002106,200.002268,200.005994,200.004617,400.00324,200.003402,200.005184,200.00405,200.002916,200.002592,200.00243,200.006156,200.005508,400.003726,200.003807,200.005832,200.004698,200.003159,200.003321,200.002916,200.006399,200.005589,400.004131,200.004455,200.005994,200.005427,200.003807,200.003726,200.003483,200.00648,200.00567,400.004212,200.005346,200.006075,200.006318,200.005589,200.003888,200.004212,200.006804,200.005913,400.004779,200.005751,200.006237,200.006399,200.00567,200.004131
0.0,0.0,0.0,0.0,0.0,0.0,0.0,0.0,0.0,0.0,0.0,0.0,0.0,-599.6020049310613,200.00601425,200.002916,200.0018225,200.0018225,200.00273375,200.0069255,200.00236925,200.00127575,400.00273375,200.00674325,200.00382725,200.00236925,200.00200475,200.00309825,200.0091125,200.004374,200.00200475,400.00455625,200.0076545,200.0040095,200.002916,200.00273375,200.004374,200.00965925,200.00729,200.00309825,400.0054675,200.00820125,200.005832,200.00309825,200.00382725,200.0047385,200.01184625,200.0076545,200.005103,400.00637875,200.0105705,200.00856575,200.005832,200.0047385,200.005103,200.0134865,200.01038825,200.00729,400.0076545,200.011664,200.0091125,200.006561,200.005832,200.0054675,200.013851,200.012393,200.0083835,400.00856575,200.013122,200.0105705,200.00710775,200.00747225,200.006561,200.01439775,200.01257525,200.00929475,400.01002375,200.0134865,200.01221075,200.00856575,200.0083835,200.00783675,200.01458,200.0127575,200.009477,400.0120285,200.01366875,200.0142155,200.01257525,200.008748,200.009477,200.015309,200.01330425,200.01075275,400.01293975,200.01403325,200.01439775,200.0127575,200.00929475
0.0,0.0,0.0,0.0,0.0,0.0,0.0,0.0,0.0,0.0,0.0,0.0,0.0,0.0,-599.4837989310613,200.010692,200.0066825,200.0066825,200.01002375,200.0253935,200.00868725,200.00467775,200.01002375,400.02472525,200.01403325,200.00868725,200.00735075,200.01136025,200.0334125,200.016038,200.00735075,200.01670625,400.0280665,200.0147015,200.010692,200.01002375,200.016038,200.03541725,200.02673,200.01136025,200.0200475,400.03007125,200.021384,200.01136025,200.01403325,200.0173745,200.04343625,200.0280665,200.018711,200.02338875,400.0387585,200.03140775,200.021384,200.0173745,200.018711,200.0494505,200.03809025,200.02673,200.0280665,400.042768,200.0334125,200.024057,200.021384,200.0200475,200.050787,200.045441,200.0307395,200.03140775,400.048114,200.0387585,200.02606175,200.02739825,200.024057,200.05279175,200.04610925,200.03408075,200.03675375,400.0494505,200.04477275,200.03140775,200.0307395,200.02873475,200.05346,200.0467775,200.034749,200.0441045,400.05011875,200.0521235,200.04610925,200.032076,200.034749,200.056133,200.04878225,200.03942675,200.04744575,400.05145525,200.05279175,200.0467775,200.03408075
0.0,0.0,0.0,0.0,0.0,0.0,0.0,0.0,0.0,0.0,0.0,0.0,0.0,0.0,0.0,-599.6106972551604,200.00324,200.00324,200.00486,200.012312,200.004212,200.002268,200.00486,200.011988,400.006804,200.004212,200.003564,200.005508,200.0162,200.007776,200.003564,200.0081,200.013608,400.007128,200.005184,200.00486,200.007776,200.017172,200.01296,200.005508,200.00972,200.01458,400.010368,200.005508,200.006804,200.008424,200.02106,200.013608,200.009072,200.01134,200.018792,400.015228,200.010368,200.008424,200.009072,200.023976,200.018468,200.01296,200.013608,200.020736,400.0162,200.011664,200.010368,200.00972,200.024624,200.022032,200.014904,200.015228,200.023328,400.018792,200.012636,200.013284,200.011664,200.025596,200.022356,200.016524,200.01782,200.023976,400.021708,200.015228,200.014904,200.013932,200.02592,200.02268,200.016848,200.021384,200.0243,400.025272,200.022356,200.015552,200.016848,200.027216,200.023652,200.019116,200.023004,200.024948,400.025596,200.02268,200.016524
0.0,0.0,0.0,0.0,0.0,0.0,0.0,0.0,0.0,0.0,0.0,0.0,0.0,0.0,0.0,0.0,-599.7182651664789,200.002025,200.0030375,200.007695,200.0026325,200.0014175,200.0030375,200.0074925,200.0042525,400.0026325,200.0022275,200.0034425,200.010125,200.00486,200.0022275,200.0050625,200.008505,200.004455,400.00324,200.0030375,200.00486,200.0107325,200.0081,200.0034425,200.006075,200.0091125,200.00648,400.0034425,200.0042525,200.005265,200.0131625,200.008505,200.00567,200.0070875,200.011745,200.0095175,400.00648,200.005265,200.00567,200.014985,200.0115425,200.0081,200.008505,200.01296,200.010125,400.00729,200.00648,200.006075,200.01539,200.01377,200.009315,200.0095175,200.01458,200.011745,400.0078975,200.0083025,200.00729,200.0159975,200.0139725,200.0103275,200.0111375,200.014985,200.0135675,400.0095175,200.009315,200.0087075,200.0162,200.014175,200.01053,200.013365,200.0151875,200.015795,400.0139725,200.00972,200.01053,200.01701,200.0147825,200.0119475,200.0143775,200.0155925,200.0159975,400.014175,200.0103275
0.0,0.0,0.0,0.0,0.0,0.0,0.0,0.0,0.0,0.0,0.0,0.0,0.0,0.0,0.0,0.0,0.0,-599.6663054275482,200.0030375,200.007695,200.0026325,200.0014175,200.0030375,200.0074925,200.0042525,200.0026325,400.0022275,200.0034425,200.010125,200.00486,200.0022275,200.0050625,200.008505,200.004455,200.00324,400.0030375,200.00486,200.0107325,200.0081,200.0034425,200.006075,200.0091125,200.00648,200.0034425,400.0042525,200.005265,200.0131625,200.008505,200.00567,200.0070875,200.011745,200.0095175,200.00648,400.005265,200.00567,200.014985,200.0115425,200.0081,200.008505,200.01296,200.010125,200.00729,400.00648,200.006075,200.01539,200.01377,200.009315,200.0095175,200.01458,200.011745,200.0078975,400.0083025,200.00729,200.0159975,200.0139725,200.0103275,200.0111375,200.014985,200.0135675,200.0095175,400.009315,200.0087075,200.0162,200.014175,200.01053,200.013365,200.0151875,200.015795,200.0139725,400.00972,200.01053,200.01701,200.0147825,200.0119475,200.0143775,200.0155925,200.0159975,200.014175,400.0103275
0.0,0.0,0.0,0.0,0.0,0.0,0.0,0.0,0.0,0.0,0.0,0.0,0.0,0.0,0.0,0.0,0.0,0.0,-599.6688571108656,200.0115425,200.00394875,200.00212625,200.00455625,200.01123875,200.00637875,200.00394875,200.00334125,400.00516375,200.0151875,200.00729,200.00334125,200.00759375,200.0127575,200.0066825,200.00486,200.00455625,400.00729,200.01609875,200.01215,200.00516375,200.0091125,200.01366875,200.00972,200.00516375,200.00637875,400.0078975,200.01974375,200.0127575,200.008505,200.01063125,200.0176175,200.01427625,200.00972,200.0078975,400.008505,200.0224775,200.01731375,200.01215,200.0127575,200.01944,200.0151875,200.010935,200.00972,400.0091125,200.023085,200.020655,200.0139725,200.01427625,200.02187,200.0176175,200.01184625,200.01245375,400.010935,200.02399625,200.02095875,200.01549125,200.01670625,200.0224775,200.02035125,200.01427625,200.0139725,400.01306125,200.0243,200.0212625,200.015795,200.0200475,200.02278125,200.0236925,200.02095875,200.01458,400.015795,200.025515,200.02217375,200.01792125,200.02156625,200.02338875,200.02399625,200.0212625,200.01549125
0.0,0.0,0.0,0.0,0.0,0.0,0.0,0.0,0.0,0.0,0.0,0.0,0.0,0.0,0.0,0.0,0.0,0.0,0.0,-599.4996687551603,200.0100035,200.0053865,200.0115425,200.0284715,200.0161595,200.0100035,200.0084645,200.0130815,400.038475,200.018468,200.0084645,200.0192375,200.032319,200.016929,200.012312,200.0115425,200.018468,400.0407835,200.03078,200.0130815,200.023085,200.0346275,200.024624,200.0130815,200.0161595,200.020007,400.0500175,200.032319,200.021546,200.0269325,200.044631,200.0361665,200.024624,200.020007,200.021546,400.056943,200.0438615,200.03078,200.032319,200.049248,200.038475,200.027702,200.024624,200.023085,400.058482,200.052326,200.035397,200.0361665,200.055404,200.044631,200.0300105,200.0315495,200.027702,400.0607905,200.0530955,200.0392445,200.0423225,200.056943,200.0515565,200.0361665,200.035397,200.0330885,400.06156,200.053865,200.040014,200.050787,200.0577125,200.060021,200.0530955,200.036936,200.040014,400.064638,200.0561735,200.0454005,200.0546345,200.0592515,200.0607905,200.053865,200.0392445
0.0,0.0,0.0,0.0,0.0,0.0,0.0,0.0,0.0,0.0,0.0,0.0,0.0,0.0,0.0,0.0,0.0,0.0,0.0,0.0,-599.7413379362761,200.00184275,200.00394875,200.00974025,200.00552825,200.00342225,200.00289575,200.00447525,200.0131625,400.006318,200.00289575,200.00658125,200.0110565,200.0057915,200.004212,200.00394875,200.006318,200.01395225,400.01053,200.00447525,200.0078975,200.01184625,200.008424,200.00447525,200.00552825,200.0068445,200.01711125,400.0110565,200.007371,200.00921375,200.0152685,200.01237275,200.008424,200.0068445,200.007371,200.0194805,400.01500525,200.01053,200.0110565,200.016848,200.0131625,200.009477,200.008424,200.0078975,200.020007,400.017901,200.0121095,200.01237275,200.018954,200.0152685,200.01026675,200.01079325,200.009477,200.02079675,400.01816425,200.01342575,200.01447875,200.0194805,200.01763775,200.01237275,200.0121095,200.01131975,200.02106,400.0184275,200.013689,200.0173745,200.01974375,200.0205335,200.01816425,200.012636,200.013689,200.022113,400.01921725,200.01553175,200.01869075,200.02027025,200.02079675,200.0184275,200.01342575
0.0,0.0,0.0,0.0,0.0,0.0,0.0,0.0,0.0,0.0,0.0,0.0,0.0,0.0,0.0,0.0,0.0,0.0,0.0,0.0,0.0,-599.7448603236858,200.00212625,200.00524475,200.00297675,200.00184275,200.00155925,200.00240975,200.0070875,200.003402,400.00155925,200.00354375,200.0059535,200.0031185,200.002268,200.00212625,200.003402,200.00751275,200.00567,400.00240975,200.0042525,200.00637875,200.004536,200.00240975,200.00297675,200.0036855,200.00921375,200.0059535,400.003969,200.00496125,200.0082215,200.00666225,200.004536,200.0036855,200.003969,200.0104895,200.00807975,400.00567,200.0059535,200.009072,200.0070875,200.005103,200.004536,200.0042525,200.010773,200.009639,400.0065205,200.00666225,200.010206,200.0082215,200.00552825,200.00581175,200.005103,200.01119825,200.00978075,400.00722925,200.00779625,200.0104895,200.00949725,200.00666225,200.0065205,200.00609525,200.01134,200.0099225,400.007371,200.0093555,200.01063125,200.0110565,200.00978075,200.006804,200.007371,200.011907,200.01034775,400.00836325,200.01006425,200.01091475,200.01119825,200.0099225,200.00722925
0.0,0.0,0.0,0.0,0.0,0.0,0.0,0.0,0.0,0.0,0.0,0.0,0.0,0.0,0.0,0.0,0.0,0.0,0.0,0.0,0.0,0.0,-599.6557850292983,200.01123875,200.00637875,200.00394875,200.00334125,200.00516375,200.0151875,200.00729,200.00334125,400.00759375,200.0127575,200.0066825,200.00486,200.00455625,200.00729,200.01609875,200.01215,200.00516375,400.0091125,200.01366875,200.00972,200.00516375,200.00637875,200.0078975,200.01974375,200.0127575,200.008505,400.01063125,200.0176175,200.01427625,200.00972,200.0078975,200.008505,200.0224775,200.01731375,200.01215,400.0127575,200.01944,200.0151875,200.010935,200.00972,200.0091125,200.023085,200.020655,200.0139725,400.01427625,200.02187,200.0176175,200.01184625,200.01245375,200.010935,200.02399625,200.02095875,200.01549125,400.01670625,200.0224775,200.02035125,200.01427625,200.0139725,200.01306125,200.0243,200.0212625,200.015795,400.0200475,200.02278125,200.0236925,200.02095875,200.01458,200.015795,200.025515,200.02217375,200.01792125,400.02156625,200.02338875,200.02399625,200.0212625,200.01549125
0.0,0.0,0.0,0.0,0.0,0.0,0.0,0.0,0.0,0.0,0.0,0.0,0.0,0.0,0.0,0.0,0.0,0.0,0.0,0.0,0.0,0.0,0.0,-599.4771485660533,200.01573425,200.00974025,200.00824175,200.01273725,200.0374625,200.017982,200.00824175,200.01873125,400.0314685,200.0164835,200.011988,200.01123875,200.017982,200.03971025,200.02997,200.01273725,200.0224775,400.03371625,200.023976,200.01273725,200.01573425,200.0194805,200.04870125,200.0314685,200.020979,200.02622375,400.0434565,200.03521475,200.023976,200.0194805,200.020979,200.0554445,200.04270725,200.02997,200.0314685,400.047952,200.0374625,200.026973,200.023976,200.0224775,200.056943,200.050949,200.0344655,200.03521475,400.053946,200.0434565,200.02922075,200.03071925,200.026973,200.05919075,200.05169825,200.03821175,200.04120875,400.0554445,200.05019975,200.03521475,200.0344655,200.03221775,200.05994,200.0524475,200.038961,200.0494505,400.05619375,200.0584415,200.05169825,200.035964,200.038961,200.062937,200.05469525,200.04420575,200.05319675,400.05769225,200.05919075,200.0524475,200.03821175
0.0,0.0,0.0,0.0,0.0,0.0,0.0,0.0,0.0,0.0,0.0,0.0,0.0,0.0,0.0,0.0,0.0,0.0,0.0,0.0,0.0,0.0,0.0,0.0,-599.599929782216,200.00552825,200.00467775,200.00722925,200.0212625,200.010206,200.00467775,200.01063125,200.0178605,400.0093555,200.006804,200.00637875,200.010206,200.02253825,200.01701,200.00722925,200.0127575,200.01913625,400.013608,200.00722925,200.00893025,200.0110565,200.02764125,200.0178605,200.011907,200.01488375,200.0246645,400.01998675,200.013608,200.0110565,200.011907,200.0314685,200.02423925,200.01701,200.0178605,200.027216,400.0212625,200.015309,200.013608,200.0127575,200.032319,200.028917,200.0195615,200.01998675,200.030618,400.0246645,200.01658475,200.01743525,200.015309,200.03359475,200.02934225,200.02168775,200.02338875,200.0314685,400.02849175,200.01998675,200.0195615,200.01828575,200.03402,200.0297675,200.022113,200.0280665,200.03189375,400.0331695,200.02934225,200.020412,200.022113,200.035721,200.03104325,200.02508975,200.03019275,200.03274425,400.03359475,200.0297675,200.02168775
0.0,0.0,0.0,0.0,0.0,0.0,0.0,0.0,0.0,0.0,0.0,0.0,0.0,0.0,0.0,0.0,0.0,0.0,0.0,0.0,0.0,0.0,0.0,0.0,0.0,-599.81195550349,200.00289575,200.00447525,200.0131625,200.006318,200.00289575,200.00658125,200.0110565,200.0057915,400.004212,200.00394875,200.006318,200.01395225,200.01053,200.00447525,200.0078975,200.01184625,200.008424,400.00447525,200.00552825,200.0068445,200.01711125,200.0110565,200.007371,200.00921375,200.0152685,200.01237275,400.008424,200.0068445,200.007371,200.0194805,200.01500525,200.01053,200.0110565,200.016848,200.0131625,400.009477,200.008424,200.0078975,200.020007,200.017901,200.0121095,200.01237275,200.018954,200.0152685,400.01026675,200.01079325,200.009477,200.02079675,200.01816425,200.01342575,200.01447875,200.0194805,200.01763775,400.01237275,200.0121095,200.01131975,200.02106,200.0184275,200.013689,200.0173745,200.01974375,200.0205335,400.01816425,200.012636,200.013689,200.022113,200.01921725,200.01553175,200.01869075,200.02027025,200.02079675,400.0184275,200.01342575
0.0,0.0,0.0,0.0,0.0,0.0,0.0,0.0,0.0,0.0,0.0,0.0,0.0,0.0,0.0,0.0,0.0,0.0,0.0,0.0,0.0,0.0,0.0,0.0,0.0,0.0,-599.6748380292983,200.00378675,200.0111375,200.005346,200.00245025,200.00556875,200.0093555,200.0049005,200.003564,400.00334125,200.005346,200.01180575,200.00891,200.00378675,200.0066825,200.01002375,200.007128,200.00378675,400.00467775,200.0057915,200.01447875,200.0093555,200.006237,200.00779625,200.0129195,200.01046925,200.007128,400.0057915,200.006237,200.0164835,200.01269675,200.00891,200.0093555,200.014256,200.0111375,200.008019,400.007128,200.0066825,200.016929,200.015147,200.0102465,200.01046925,200.016038,200.0129195,200.00868725,400.00913275,200.008019,200.01759725,200.01536975,200.01136025,200.01225125,200.0164835,200.01492425,200.01046925,400.0102465,200.00957825,200.01782,200.0155925,200.011583,200.0147015,200.01670625,200.0173745,200.01536975,400.010692,200.011583,200.018711,200.01626075,200.01314225,200.01581525,200.01715175,200.01759725,200.0155925,400.01136025
0.0,0.0,0.0,0.0,0.0,0.0,0.0,0.0,0.0,0.0,0.0,0.0,0.0,0.0,0.0,0.0,0.0,0.0,0.0,0.0,0.0,0.0,0.0,0.0,0.0,0.0,0.0,-599.6721125157014,200.0172125,200.008262,200.00378675,200.00860625,200.0144585,200.0075735,200.005508,200.00516375,400.008262,200.01824525,200.01377,200.00585225,200.0103275,200.01549125,200.011016,200.00585225,200.00722925,400.0089505,200.02237625,200.0144585,200.009639,200.01204875,200.0199665,200.01617975,200.011016,200.0089505,400.009639,200.0254745,200.01962225,200.01377,200.0144585,200.022032,200.0172125,200.012393,200.011016,400.0103275,200.026163,200.023409,200.0158355,200.01617975,200.024786,200.0199665,200.01342575,200.01411425,400.012393,200.02719575,200.02375325,200.01755675,200.01893375,200.0254745,200.02306475,200.01617975,200.0158355,400.01480275,200.02754,200.0240975,200.017901,200.0227205,200.02581875,200.0268515,200.02375325,200.016524,400.017901,200.028917,200.02513025,200.02031075,200.02444175,200.02650725,200.02719575,200.0240975,200.01755675
0.0,0.0,0.0,0.0,0.0,0.0,0.0,0.0,0.0,0.0,0.0,0.0,0.0,0.0,0.0,0.0,0.0,0.0,0.0,0.0,0.0,0.0,0.0,0.0,0.0,0.0,0.0,0.0,-599.4752506542982,200.0243,200.0111375,200.0253125,200.042525,200.022275,200.0162,200.0151875,200.0243,400.0536625,200.0405,200.0172125,200.030375,200.0455625,200.0324,200.0172125,200.0212625,200.026325,400.0658125,200.042525,200.02835,200.0354375,200.058725,200.0475875,200.0324,200.026325,200.02835,400.074925,200.0577125,200.0405,200.042525,200.0648,200.050625,200.03645,200.0324,200.030375,400.07695,200.06885,200.046575,200.0475875,200.0729,200.058725,200.0394875,200.0415125,200.03645,400.0799875,200.0698625,200.0516375,200.0556875,200.074925,200.0678375,200.0475875,200.046575,200.0435375,400.081,200.070875,200.05265,200.066825,200.0759375,200.078975,200.0698625,200.0486,200.05265,400.08505,200.0739125,200.0597375,200.0718875,200.0779625,200.0799875,200.070875,200.0516375
0.0,0.0,0.0,0.0,0.0,0.0,0.0,0.0,0.0,0.0,0.0,0.0,0.0,0.0,0.0,0.0,0.0,0.0,0.0,0.0,0.0,0.0,0.0,0.0,0.0,0.0,0.0,0.0,0.0,-599.6998384218084,200.005346,200.01215,200.020412,200.010692,200.007776,200.00729,200.011664,200.025758,400.01944,200.008262,200.01458,200.02187,200.015552,200.008262,200.010206,200.012636,200.03159,400.020412,200.013608,200.01701,200.028188,200.022842,200.015552,200.012636,200.013608,200.035964,400.027702,200.01944,200.020412,200.031104,200.0243,200.017496,200.015552,200.01458,200.036936,400.033048,200.022356,200.022842,200.034992,200.028188,200.018954,200.019926,200.017496,200.038394,400.033534,200.024786,200.02673,200.035964,200.032562,200.022842,200.022356,200.020898,200.03888,400.03402,200.025272,200.032076,200.03645,200.037908,200.033534,200.023328,200.025272,200.040824,400.035478,200.028674,200.034506,200.037422,200.038394,200.03402,200.024786
0.0,0.0,0.0,0.0,0.0,0.0,0.0,0.0,0.0,0.0,0.0,0.0,0.0,0.0,0.0,0.0,0.0,0.0,0.0,0.0,0.0,0.0,0.0,0.0,0.0,0.0,0.0,0.0,0.0,0.0,-599.7385538436844,200.00556875,200.0093555,200.0049005,200.003564,200.00334125,200.005346,200.01180575,200.00891,400.00378675,200.0066825,200.01002375,200.007128,200.00378675,200.00467775,200.0057915,200.01447875,200.0093555,400.006237,200.00779625,200.0129195,200.01046925,200.007128,200.0057915,200.006237,200.0164835,200.01269675,400.00891,200.0093555,200.014256,200.0111375,200.008019,200.007128,200.0066825,200.016929,200.015147,400.0102465,200.01046925,200.016038,200.0129195,200.00868725,200.00913275,200.008019,200.01759725,200.01536975,400.01136025,200.01225125,200.0164835,200.01492425,200.01046925,200.0102465,200.00957825,200.01782,200.0155925,400.011583,200.0147015,200.01670625,200.0173745,200.01536975,200.010692,200.011583,200.018711,200.01626075,400.01314225,200.01581525,200.01715175,200.01759725,200.0155925,200.01136025
0.0,0.0,0.0,0.0,0.0,0.0,0.0,0.0,0.0,0.0,0.0,0.0,0.0,0.0,0.0,0.0,0.0,0.0,0.0,0.0,0.0,0.0,0.0,0.0,0.0,0.0,0.0,0.0,0.0,0.0,0.0,-599.6198071108656,200.0212625,200.0111375,200.0081,200.00759375,200.01215,200.02683125,200.02025,200.00860625,400.0151875,200.02278125,200.0162,200.00860625,200.01063125,200.0131625,200.03290625,200.0212625,200.014175,400.01771875,200.0293625,200.02379375,200.0162,200.0131625,200.014175,200.0374625,200.02885625,200.02025,400.0212625,200.0324,200.0253125,200.018225,200.0162,200.0151875,200.038475,200.034425,200.0232875,400.02379375,200.03645,200.0293625,200.01974375,200.02075625,200.018225,200.03999375,200.03493125,200.02581875,400.02784375,200.0374625,200.03391875,200.02379375,200.0232875,200.02176875,200.0405,200.0354375,200.026325,400.0334125,200.03796875,200.0394875,200.03493125,200.0243,200.026325,200.042525,200.03695625,200.02986875,400.03594375,200.03898125,200.03999375,200.0354375,200.02581875
0.0,0.0,0.0,0.0,0.0,0.0,0.0,0.0,0.0,0.0,0.0,0.0,0.0,0.0,0.0,0.0,0.0,0.0,0.0,0.0,0.0,0.0,0.0,0.0,0.0,0.0,0.0,0.0,0.0,0.0,0.0,0.0,-599.4784287551603,200.018711,200.013608,200.0127575,200.020412,200.0450765,200.03402,200.0144585,200.025515,400.0382725,200.027216,200.0144585,200.0178605,200.022113,200.0552825,200.035721,200.023814,200.0297675,400.049329,200.0399735,200.027216,200.022113,200.023814,200.062937,200.0484785,200.03402,200.035721,400.054432,200.042525,200.030618,200.027216,200.025515,200.064638,200.057834,200.039123,200.0399735,400.061236,200.049329,200.0331695,200.0348705,200.030618,200.0671895,200.0586845,200.0433755,200.0467775,400.062937,200.0569835,200.0399735,200.039123,200.0365715,200.06804,200.059535,200.044226,200.056133,400.0637875,200.066339,200.0586845,200.040824,200.044226,200.071442,200.0620865,200.0501795,200.0603855,400.0654885,200.0671895,200.059535,200.0433755
0.0,0.0,0.0,0.0,0.0,0.0,0.0,0.0,0.0,0.0,0.0,0.0,0.0,0.0,0.0,0.0,0.0,0.0,0.0,0.0,0.0,0.0,0.0,0.0,0.0,0.0,0.0,0.0,0.0,0.0,0.0,0.0,0.0,-599.6084174275483,200.007128,200.0066825,200.010692,200.0236115,200.01782,200.0075735,200.013365,200.0200475,400.014256,200.0075735,200.0093555,200.011583,200.0289575,200.018711,200.012474,200.0155925,200.025839,400.0209385,200.014256,200.011583,200.012474,200.032967,200.0253935,200.01782,200.018711,200.028512,400.022275,200.016038,200.014256,200.013365,200.033858,200.030294,200.020493,200.0209385,200.032076,400.025839,200.0173745,200.0182655,200.016038,200.0351945,200.0307395,200.0227205,200.0245025,200.032967,400.0298485,200.0209385,200.020493,200.0191565,200.03564,200.031185,200.023166,200.029403,200.0334125,400.034749,200.0307395,200.021384,200.023166,200.037422,200.0325215,200.0262845,200.0316305,200.0343035,400.0351945,200.031185,200.0227205
0.0,0.0,0.0,0.0,0.0,0.0,0.0,0.0,0.0,0.0,0.0,0.0,0.0,0.0,0.0,0.0,0.0,0.0,0.0,0.0,0.0,0.0,0.0,0.0,0.0,0.0,0.0,0.0,0.0,0.0,0.0,0.0,0.0,0.0,-599.8088741837441,200.00486,200.007776,200.017172,200.01296,200.005508,200.00972,200.01458,200.010368,400.005508,200.006804,200.008424,200.02106,200.013608,200.009072,200.01134,200.018792,200.015228,400.010368,200.008424,200.009072,200.023976,200.018468,200.01296,200.013608,200.020736,200.0162,400.011664,200.010368,200.00972,200.024624,200.022032,200.014904,200.015228,200.023328,200.018792,400.012636,200.013284,200.011664,200.025596,200.022356,200.016524,200.01782,200.023976,200.021708,400.015228,200.014904,200.013932,200.02592,200.02268,200.016848,200.021384,200.0243,200.025272,400.022356,200.015552,200.016848,200.027216,200.023652,200.019116,200.023004,200.024948,200.025596,400.02268,200.016524
0.0,0.0,0.0,0.0,0.0,0.0,0.0,0.0,0.0,0.0,0.0,0.0,0.0,0.0,0.0,0.0,0.0,0.0,0.0,0.0,0.0,0.0,0.0,0.0,0.0,0.0,0.0,0.0,0.0,0.0,0.0,0.0,0.0,0.0,0.0,-599.6817605157015,200.00729,200.01609875,200.01215,200.00516375,200.0091125,200.01366875,200.00972,200.00516375,400.00637875,200.0078975,200.01974375,200.0127575,200.008505,200.01063125,200.0176175,200.01427625,200.00972,400.0078975,200.008505,200.0224775,200.01731375,200.01215,200.0127575,200.01944,200.0151875,200.010935,400.00972,200.0091125,200.023085,200.020655,200.0139725,200.01427625,200.02187,200.0176175,200.01184625,400.01245375,200.010935,200.02399625,200.02095875,200.01549125,200.01670625,200.0224775,200.02035125,200.01427625,400.0139725,200.01306125,200.0243,200.0212625,200.015795,200.0200475,200.02278125,200.0236925,200.02095875,400.01458,200.015795,200.025515,200.02217375,200.01792125,200.02156625,200.02338875,200.02399625,200.0212625,400.01549125
0.0,0.0,0.0,0.0,0.0,0.0,0.0,0.0,0.0,0.0,0.0,0.0,0.0,0.0,0.0,0.0,0.0,0.0,0.0,0.0,0.0,0.0,0.0,0.0,0.0,0.0,0.0,0.0,0.0,0.0,0.0,0.0,0.0,0.0,0.0,0.0,-599.6630244486857,200.025758,200.01944,200.008262,200.01458,200.02187,200.015552,200.008262,200.010206,400.012636,200.03159,200.020412,200.013608,200.01701,200.028188,200.022842,200.015552,200.012636,400.013608,200.035964,200.027702,200.01944,200.020412,200.031104,200.0243,200.017496,200.015552,400.01458,200.036936,200.033048,200.022356,200.022842,200.034992,200.028188,200.018954,200.019926,400.017496,200.038394,200.033534,200.024786,200.02673,200.035964,200.032562,200.022842,200.022356,400.020898,200.03888,200.03402,200.025272,200.032076,200.03645,200.037908,200.033534,200.023328,400.025272,200.040824,200.035478,200.028674,200.034506,200.037422,200.038394,200.03402,200.024786
0.0,0.0,0.0,0.0,0.0,0.0,0.0,0.0,0.0,0.0,0.0,0.0,0.0,0.0,0.0,0.0,0.0,0.0,0.0,0.0,0.0,0.0,0.0,0.0,0.0,0.0,0.0,0.0,0.0,0.0,0.0,0.0,0.0,0.0,0.0,0.0,0.0,-599.4716941108657,200.04293,200.01824525,200.0321975,200.04829625,200.034344,200.01824525,200.02253825,200.0279045,400.06976125,200.0450765,200.030051,200.03756375,200.0622485,200.05044275,200.034344,200.0279045,200.030051,400.0794205,200.06117525,200.04293,200.0450765,200.068688,200.0536625,200.038637,200.034344,200.0321975,400.081567,200.072981,200.0493695,200.05044275,200.077274,200.0622485,200.04185675,200.04400325,200.038637,400.08478675,200.07405425,200.05473575,200.05902875,200.0794205,200.07190775,200.05044275,200.0493695,200.04614975,400.08586,200.0751275,200.055809,200.0708345,200.08049375,200.0837135,200.07405425,200.051516,200.055809,400.090153,200.07834725,200.06332175,200.07620075,200.08264025,200.08478675,200.0751275,200.05473575
0.0,0.0,0.0,0.0,0.0,0.0,0.0,0.0,0.0,0.0,0.0,0.0,0.0,0.0,0.0,0.0,0.0,0.0,0.0,0.0,0.0,0.0,0.0,0.0,0.0,0.0,0.0,0.0,0.0,0.0,0.0,0.0,0.0,0.0,0.0,0.0,0.0,0.0,-599.6529771102654,200.01377,200.0243,200.03645,200.02592,200.01377,200.01701,200.02106,200.05265,400.03402,200.02268,200.02835,200.04698,200.03807,200.02592,200.02106,200.02268,200.05994,400.04617,200.0324,200.03402,200.05184,200.0405,200.02916,200.02592,200.0243,200.06156,400.05508,200.03726,200.03807,200.05832,200.04698,200.03159,200.03321,200.02916,200.06399,400.05589,200.04131,200.04455,200.05994,200.05427,200.03807,200.03726,200.03483,200.0648,400.0567,200.04212,200.05346,200.06075,200.06318,200.05589,200.03888,200.04212,200.06804,400.05913,200.04779,200.05751,200.06237,200.06399,200.0567,200.04131
0.0,0.0,0.0,0.0,0.0,0.0,0.0,0.0,0.0,0.0,0.0,0.0,0.0,0.0,0.0,0.0,0.0,0.0,0.0,0.0,0.0,0.0,0.0,0.0,0.0,0.0,0.0,0.0,0.0,0.0,0.0,0.0,0.0,0.0,0.0,0.0,0.0,0.0,0.0,-599.7462204878552,200.0103275,200.01549125,200.011016,200.00585225,200.00722925,200.0089505,200.02237625,200.0144585,400.009639,200.01204875,200.0199665,200.01617975,200.011016,200.0089505,200.009639,200.0254745,200.01962225,400.01377,200.0144585,200.022032,200.0172125,200.012393,200.011016,200.0103275,200.026163,200.023409,400.0158355,200.01617975,200.024786,200.0199665,200.01342575,200.01411425,200.012393,200.02719575,200.02375325,400.01755675,200.01893375,200.0254745,200.02306475,200.01617975,200.0158355,200.01480275,200.02754,200.0240975,400.017901,200.0227205,200.02581875,200.0268515,200.02375325,200.016524,200.017901,200.028917,200.02513025,400.02031075,200.02444175,200.02650725,200.02719575,200.0240975,200.01755675
0.0,0.0,0.0,0.0,0.0,0.0,0.0,0.0,0.0,0.0,0.0,0.0,0.0,0.0,0.0,0.0,0.0,0.0,0.0,0.0,0.0,0.0,0.0,0.0,0.0,0.0,0.0,0.0,0.0,0.0,0.0,0.0,0.0,0.0,0.0,0.0,0.0,0.0,0.0,0.0,-599.620165166479,200.0273375,200.01944,200.0103275,200.0127575,200.015795,200.0394875,200.025515,200.01701,400.0212625,200.035235,200.0285525,200.01944,200.015795,200.01701,200.044955,200.0346275,200.0243,400.025515,200.03888,200.030375,200.02187,200.01944,200.018225,200.04617,200.04131,200.027945,400.0285525,200.04374,200.035235,200.0236925,200.0249075,200.02187,200.0479925,200.0419175,200.0309825,400.0334125,200.044955,200.0407025,200.0285525,200.027945,200.0261225,200.0486,200.042525,200.03159,400.040095,200.0455625,200.047385,200.0419175,200.02916,200.03159,200.05103,200.0443475,200.0358425,400.0431325,200.0467775,200.0479925,200.042525,200.0309825
0.0,0.0,0.0,0.0,0.0,0.0,0.0,0.0,0.0,0.0,0.0,0.0,0.0,0.0,0.0,0.0,0.0,0.0,0.0,0.0,0.0,0.0,0.0,0.0,0.0,0.0,0.0,0.0,0.0,0.0,0.0,0.0,0.0,0.0,0.0,0.0,0.0,0.0,0.0,0.0,0.0,-599.5785459362761,200.02916,200.01549125,200.01913625,200.0236925,200.05923125,200.0382725,200.025515,200.03189375,400.0528525,200.04282875,200.02916,200.0236925,200.025515,200.0674325,200.05194125,200.03645,200.0382725,400.05832,200.0455625,200.032805,200.02916,200.0273375,200.069255,200.061965,200.0419175,200.04282875,400.06561,200.0528525,200.03553875,200.03736125,200.032805,200.07198875,200.06287625,200.04647375,200.05011875,400.0674325,200.06105375,200.04282875,200.0419175,200.03918375,200.0729,200.0637875,200.047385,200.0601425,400.06834375,200.0710775,200.06287625,200.04374,200.047385,200.076545,200.06652125,200.05376375,200.06469875,400.07016625,200.07198875,200.0637875,200.04647375
0.0,0.0,0.0,0.0,0.0,0.0,0.0,0.0,0.0,0.0,0.0,0.0,0.0,0.0,0.0,0.0,0.0,0.0,0.0,0.0,0.0,0.0,0.0,0.0,0.0,0.0,0.0,0.0,0.0,0.0,0.0,0.0,0.0,0.0,0.0,0.0,0.0,0.0,0.0,0.0,0.0,0.0,-599.5971706407015,200.011016,200.013608,200.016848,200.04212,200.027216,200.018144,200.02268,200.037584,400.030456,200.020736,200.016848,200.018144,200.047952,200.036936,200.02592,200.027216,200.041472,400.0324,200.023328,200.020736,200.01944,200.049248,200.044064,200.029808,200.030456,200.046656,400.037584,200.025272,200.026568,200.023328,200.051192,200.044712,200.033048,200.03564,200.047952,400.043416,200.030456,200.029808,200.027864,200.05184,200.04536,200.033696,200.042768,200.0486,400.050544,200.044712,200.031104,200.033696,200.054432,200.047304,200.038232,200.046008,200.049896,400.051192,200.04536,200.033048
0.0,0.0,0.0,0.0,0.0,0.0,0.0,0.0,0.0,0.0,0.0,0.0,0.0,0.0,0.0,0.0,0.0,0.0,0.0,0.0,0.0,0.0,0.0,0.0,0.0,0.0,0.0,0.0,0.0,0.0,0.0,0.0,0.0,0.0,0.0,0.0,0.0,0.0,0.0,0.0,0.0,0.0,0.0,-599.8152133593421,200.00722925,200.0089505,200.02237625,200.0144585,200.009639,200.01204875,200.0199665,200.01617975,400.011016,200.0089505,200.009639,200.0254745,200.01962225,200.01377,200.0144585,200.022032,200.0172125,400.012393,200.011016,200.0103275,200.026163,200.023409,200.0158355,200.01617975,200.024786,200.0199665,400.01342575,200.01411425,200.012393,200.02719575,200.02375325,200.01755675,200.01893375,200.0254745,200.02306475,400.01617975,200.0158355,200.01480275,200.02754,200.0240975,200.017901,200.0227205,200.02581875,200.0268515,400.02375325,200.016524,200.017901,200.028917,200.02513025,200.02031075,200.02444175,200.02650725,200.02719575,400.0240975,200.01755675
0.0,0.0,0.0,0.0,0.0,0.0,0.0,0.0,0.0,0.0,0.0,0.0,0.0,0.0,0.0,0.0,0.0,0.0,0.0,0.0,0.0,0.0,0.0,0.0,0.0,0.0,0.0,0.0,0.0,0.0,0.0,0.0,0.0,0.0,0.0,0.0,0.0,0.0,0.0,0.0,0.0,0.0,0.0,0.0,-599.7266814878552,200.0110565,200.02764125,200.0178605,200.011907,200.01488375,200.0246645,200.01998675,200.013608,400.0110565,200.011907,200.0314685,200.02423925,200.01701,200.0178605,200.027216,200.0212625,200.015309,400.013608,200.0127575,200.032319,200.028917,200.0195615,200.01998675,200.030618,200.0246645,200.01658475,400.01743525,200.015309,200.03359475,200.02934225,200.02168775,200.02338875,200.0314685,200.02849175,200.01998675,400.0195615,200.01828575,200.03402,200.0297675,200.022113,200.0280665,200.03189375,200.0331695,200.02934225,400.020412,200.022113,200.035721,200.03104325,200.02508975,200.03019275,200.03274425,200.03359475,200.0297675,400.02168775
0.0,0.0,0.0,0.0,0.0,0.0,0.0,0.0,0.0,0.0,0.0,0.0,0.0,0.0,0.0,0.0,0.0,0.0,0.0,0.0,0.0,0.0,0.0,0.0,0.0,0.0,0.0,0.0,0.0,0.0,0.0,0.0,0.0,0.0,0.0,0.0,0.0,0.0,0.0,0.0,0.0,0.0,0.0,0.0,0.0,-599.6777045612762,200.0342225,200.022113,200.014742,200.0184275,200.030537,200.0247455,200.016848,200.013689,400.014742,200.038961,200.0300105,200.02106,200.022113,200.033696,200.026325,200.018954,200.016848,400.015795,200.040014,200.035802,200.024219,200.0247455,200.037908,200.030537,200.0205335,200.0215865,400.018954,200.0415935,200.0363285,200.0268515,200.0289575,200.038961,200.0352755,200.0247455,200.024219,400.0226395,200.04212,200.036855,200.027378,200.034749,200.0394875,200.041067,200.0363285,200.025272,400.027378,200.044226,200.0384345,200.0310635,200.0373815,200.0405405,200.0415935,200.036855,200.0268515
0.0,0.0,0.0,0.0,0.0,0.0,0.0,0.0,0.0,0.0,0.0,0.0,0.0,0.0,0.0,0.0,0.0,0.0,0.0,0.0,0.0,0.0,0.0,0.0,0.0,0.0,0.0,0.0,0.0,0.0,0.0,0.0,0.0,0.0,0.0,0.0,0.0,0.0,0.0,0.0,0.0,0.0,0.0,0.0,0.0,0.0,-599.4289995414789,200.0552825,200.036855,200.04606875,200.0763425,200.06186375,200.04212,200.0342225,200.036855,400.0974025,200.07502625,200.05265,200.0552825,200.08424,200.0658125,200.047385,200.04212,200.0394875,400.100035,200.089505,200.0605475,200.06186375,200.09477,200.0763425,200.05133375,200.05396625,200.047385,400.10398375,200.09082125,200.06712875,200.07239375,200.0974025,200.08818875,200.06186375,200.0605475,200.05659875,400.1053,200.0921375,200.068445,200.0868725,200.09871875,200.1026675,200.09082125,200.06318,200.068445,400.110565,200.09608625,200.07765875,200.09345375,200.10135125,200.10398375,200.0921375,200.06712875
0.0,0.0,0.0,0.0,0.0,0.0,0.0,0.0,0.0,0.0,0.0,0.0,0.0,0.0,0.0,0.0,0.0,0.0,0.0,0.0,0.0,0.0,0.0,0.0,0.0,0.0,0.0,0.0,0.0,0.0,0.0,0.0,0.0,0.0,0.0,0.0,0.0,0.0,0.0,0.0,0.0,0.0,0.0,0.0,0.0,0.0,0.0,-599.676605683744,200.023814,200.0297675,200.049329,200.0399735,200.027216,200.022113,200.023814,200.062937,400.0484785,200.03402,200.035721,200.054432,200.042525,200.030618,200.027216,200.025515,200.064638,400.057834,200.039123,200.0399735,200.061236,200.049329,200.0331695,200.0348705,200.030618,200.0671895,400.0586845,200.0433755,200.0467775,200.062937,200.0569835,200.0399735,200.039123,200.0365715,200.06804,400.059535,200.044226,200.056133,200.0637875,200.066339,200.0586845,200.040824,200.044226,200.071442,400.0620865,200.0501795,200.0603855,200.0654885,200.0671895,200.059535,200.0433755
0.0,0.0,0.0,0.0,0.0,0.0,0.0,0.0,0.0,0.0,0.0,0.0,0.0,0.0,0.0,0.0,0.0,0.0,0.0,0.0,0.0,0.0,0.0,0.0,0.0,0.0,0.0,0.0,0.0,0.0,0.0,0.0,0.0,0.0,0.0,0.0,0.0,0.0,0.0,0.0,0.0,0.0,0.0,0.0,0.0,0.0,0.0,0.0,-599.7035430705023,200.019845,200.032886,200.026649,200.018144,200.014742,200.015876,200.041958,200.032319,400.02268,200.023814,200.036288,200.02835,200.020412,200.018144,200.01701,200.043092,200.038556,400.026082,200.026649,200.040824,200.032886,200.022113,200.023247,200.020412,200.044793,200.039123,400.028917,200.031185,200.041958,200.037989,200.026649,200.026082,200.024381,200.04536,200.03969,400.029484,200.037422,200.042525,200.044226,200.039123,200.027216,200.029484,200.047628,200.041391,400.033453,200.040257,200.043659,200.044793,200.03969,200.028917
0.0,0.0,0.0,0.0,0.0,0.0,0.0,0.0,0.0,0.0,0.0,0.0,0.0,0.0,0.0,0.0,0.0,0.0,0.0,0.0,0.0,0.0,0.0,0.0,0.0,0.0,0.0,0.0,0.0,0.0,0.0,0.0,0.0,0.0,0.0,0.0,0.0,0.0,0.0,0.0,0.0,0.0,0.0,0.0,0.0,0.0,0.0,0.0,0.0,-599.6193758436843,200.0411075,200.03331125,200.02268,200.0184275,200.019845,200.0524475,200.04039875,200.02835,400.0297675,200.04536,200.0354375,200.025515,200.02268,200.0212625,200.053865,200.048195,200.0326025,400.03331125,200.05103,200.0411075,200.02764125,200.02905875,200.025515,200.05599125,200.04890375,200.03614625,400.03898125,200.0524475,200.04748625,200.03331125,200.0326025,200.03047625,200.0567,200.0496125,200.036855,400.0467775,200.05315625,200.0552825,200.04890375,200.03402,200.036855,200.059535,200.05173875,200.04181625,400.05032125,200.05457375,200.05599125,200.0496125,200.03614625
0.0,0.0,0.0,0.0,0.0,0.0,0.0,0.0,0.0,0.0,0.0,0.0,0.0,0.0,0.0,0.0,0.0,0.0,0.0,0.0,0.0,0.0,0.0,0.0,0.0,0.0,0.0,0.0,0.0,0.0,0.0,0.0,0.0,0.0,0.0,0.0,0.0,0.0,0.0,0.0,0.0,0.0,0.0,0.0,0.0,0.0,0.0,0.0,0.0,0.0,-599.5186099218085,200.0552015,200.037584,200.030537,200.032886,200.086913,200.0669465,200.04698,200.049329,400.075168,200.058725,200.042282,200.037584,200.035235,200.089262,200.079866,200.054027,200.0552015,400.084564,200.068121,200.0458055,200.0481545,200.042282,200.0927855,200.0810405,200.0598995,200.0645975,400.086913,200.0786915,200.0552015,200.054027,200.0505035,200.09396,200.082215,200.061074,200.077517,400.0880875,200.091611,200.0810405,200.056376,200.061074,200.098658,200.0857385,200.0692955,200.0833895,400.0904365,200.0927855,200.082215,200.0598995
0.0,0.0,0.0,0.0,0.0,0.0,0.0,0.0,0.0,0.0,0.0,0.0,0.0,0.0,0.0,0.0,0.0,0.0,0.0,0.0,0.0,0.0,0.0,0.0,0.0,0.0,0.0,0.0,0.0,0.0,0.0,0.0,0.0,0.0,0.0,0.0,0.0,0.0,0.0,0.0,0.0,0.0,0.0,0.0,0.0,0.0,0.0,0.0,0.0,0.0,0.0,-599.530411541479,200.030456,200.0247455,200.026649,200.0704295,200.05424975,200.03807,200.0399735,200.060912,400.0475875,200.034263,200.030456,200.0285525,200.072333,200.064719,200.0437805,200.04473225,200.068526,400.0552015,200.03711825,200.03902175,200.034263,200.07518825,200.06567075,200.04853925,200.05234625,200.0704295,400.06376725,200.04473225,200.0437805,200.04092525,200.07614,200.0666225,200.049491,200.0628155,200.07138125,400.0742365,200.06567075,200.045684,200.049491,200.079947,200.06947775,200.05615325,200.06757425,200.07328475,400.07518825,200.0666225,200.04853925
0.0,0.0,0.0,0.0,0.0,0.0,0.0,0.0,0.0,0.0,0.0,0.0,0.0,0.0,0.0,0.0,0.0,0.0,0.0,0.0,0.0,0.0,0.0,0.0,0.0,0.0,0.0,0.0,0.0,0.0,0.0,0.0,0.0,0.0,0.0,0.0,0.0,0.0,0.0,0.0,0.0,0.0,0.0,0.0,0.0,0.0,0.0,0.0,0.0,0.0,0.0,0.0,-599.7730613071652,200.016848,200.018144,200.047952,200.036936,200.02592,200.027216,200.041472,200.0324,400.023328,200.020736,200.01944,200.049248,200.044064,200.029808,200.030456,200.046656,200.037584,400.025272,200.026568,200.023328,200.051192,200.044712,200.033048,200.03564,200.047952,200.043416,400.030456,200.029808,200.027864,200.05184,200.04536,200.033696,200.042768,200.0486,200.050544,400.044712,200.031104,200.033696,200.054432,200.047304,200.038232,200.046008,200.049896,200.051192,400.04536,200.033048
0.0,0.0,0.0,0.0,0.0,0.0,0.0,0.0,0.0,0.0,0.0,0.0,0.0,0.0,0.0,0.0,0.0,0.0,0.0,0.0,0.0,0.0,0.0,0.0,0.0,0.0,0.0,0.0,0.0,0.0,0.0,0.0,0.0,0.0,0.0,0.0,0.0,0.0,0.0,0.0,0.0,0.0,0.0,0.0,0.0,0.0,0.0,0.0,0.0,0.0,0.0,0.0,0.0,-599.7136365705023,200.014742,200.038961,200.0300105,200.02106,200.022113,200.033696,200.026325,200.018954,400.016848,200.015795,200.040014,200.035802,200.024219,200.0247455,200.037908,200.030537,200.0205335,400.0215865,200.018954,200.0415935,200.0363285,200.0268515,200.0289575,200.038961,200.0352755,200.0247455,400.024219,200.0226395,200.04212,200.036855,200.027378,200.034749,200.0394875,200.041067,200.0363285,400.025272,200.027378,200.044226,200.0384345,200.0310635,200.0373815,200.0405405,200.0415935,200.036855,400.0268515
0.0,0.0,0.0,0.0,0.0,0.0,0.0,0.0,0.0,0.0,0.0,0.0,0.0,0.0,0.0,0.0,0.0,0.0,0.0,0.0,0.0,0.0,0.0,0.0,0.0,0.0,0.0,0.0,0.0,0.0,0.0,0.0,0.0,0.0,0.0,0.0,0.0,0.0,0.0,0.0,0.0,0.0,0.0,0.0,0.0,0.0,0.0,0.0,0.0,0.0,0.0,0.0,0.0,0.0,-599.6917086128552,200.041958,200.032319,200.02268,200.023814,200.036288,200.02835,200.020412,200.018144,400.01701,200.043092,200.038556,200.026082,200.026649,200.040824,200.032886,200.022113,200.023247,400.020412,200.044793,200.039123,200.028917,200.031185,200.041958,200.037989,200.026649,200.026082,400.024381,200.04536,200.03969,200.029484,200.037422,200.042525,200.044226,200.039123,200.027216,400.029484,200.047628,200.041391,200.033453,200.040257,200.043659,200.044793,200.03969,200.028917
0.0,0.0,0.0,0.0,0.0,0.0,0.0,0.0,0.0,0.0,0.0,0.0,0.0,0.0,0.0,0.0,0.0,0.0,0.0,0.0,0.0,0.0,0.0,0.0,0.0,0.0,0.0,0.0,0.0,0.0,0.0,0.0,0.0,0.0,0.0,0.0,0.0,0.0,0.0,0.0,0.0,0.0,0.0,0.0,0.0,0.0,0.0,0.0,0.0,0.0,0.0,0.0,0.0,0.0,0.0,-599.4131045612761,200.0854145,200.05994,200.062937,200.095904,200.074925,200.053946,200.047952,200.044955,400.113886,200.101898,200.068931,200.0704295,200.107892,200.086913,200.0584415,200.0614385,200.053946,400.1183815,200.1033965,200.0764235,200.0824175,200.110889,200.1003995,200.0704295,200.068931,200.0644355,400.11988,200.104895,200.077922,200.098901,200.1123875,200.116883,200.1033965,200.071928,200.077922,400.125874,200.1093905,200.0884115,200.1063935,200.1153845,200.1183815,200.104895,200.0764235
0.0,0.0,0.0,0.0,0.0,0.0,0.0,0.0,0.0,0.0,0.0,0.0,0.0,0.0,0.0,0.0,0.0,0.0,0.0,0.0,0.0,0.0,0.0,0.0,0.0,0.0,0.0,0.0,0.0,0.0,0.0,0.0,0.0,0.0,0.0,0.0,0.0,0.0,0.0,0.0,0.0,0.0,0.0,0.0,0.0,0.0,0.0,0.0,0.0,0.0,0.0,0.0,0.0,0.0,0.0,0.0,-599.6272222660609,200.04617,200.0484785,200.073872,200.0577125,200.041553,200.036936,200.0346275,200.087723,400.078489,200.0530955,200.05424975,200.083106,200.0669465,200.04501575,200.04732425,200.041553,200.09118575,400.07964325,200.05886675,200.06348375,200.0854145,200.07733475,200.05424975,200.0530955,200.04963275,200.09234,400.0807975,200.060021,200.0761805,200.08656875,200.0900315,200.07964325,200.055404,200.060021,200.096957,400.08426025,200.06810075,200.08195175,200.08887725,200.09118575,200.0807975,200.05886675
0.0,0.0,0.0,0.0,0.0,0.0,0.0,0.0,0.0,0.0,0.0,0.0,0.0,0.0,0.0,0.0,0.0,0.0,0.0,0.0,0.0,0.0,0.0,0.0,0.0,0.0,0.0,0.0,0.0,0.0,0.0,0.0,0.0,0.0,0.0,0.0,0.0,0.0,0.0,0.0,0.0,0.0,0.0,0.0,0.0,0.0,0.0,0.0,0.0,0.0,0.0,0.0,0.0,0.0,0.0,0.0,0.0,-599.6645379326665,200.03402,200.05184,200.0405,200.02916,200.02592,200.0243,200.06156,200.05508,400.03726,200.03807,200.05832,200.04698,200.03159,200.03321,200.02916,200.06399,200.05589,400.04131,200.04455,200.05994,200.05427,200.03807,200.03726,200.03483,200.0648,200.0567,400.04212,200.05346,200.06075,200.06318,200.05589,200.03888,200.04212,200.06804,200.05913,400.04779,200.05751,200.06237,200.06399,200.0567,200.04131
0.0,0.0,0.0,0.0,0.0,0.0,0.0,0.0,0.0,0.0,0.0,0.0,0.0,0.0,0.0,0.0,0.0,0.0,0.0,0.0,0.0,0.0,0.0,0.0,0.0,0.0,0.0,0.0,0.0,0.0,0.0,0.0,0.0,0.0,0.0,0.0,0.0,0.0,0.0,0.0,0.0,0.0,0.0,0.0,0.0,0.0,0.0,0.0,0.0,0.0,0.0,0.0,0.0,0.0,0.0,0.0,0.0,0.0,-599.6068099218086,200.054432,200.042525,200.030618,200.027216,200.025515,200.064638,200.057834,200.039123,400.0399735,200.061236,200.049329,200.0331695,200.0348705,200.030618,200.0671895,200.0586845,200.0433755,400.0467775,200.062937,200.0569835,200.0399735,200.039123,200.0365715,200.06804,200.059535,200.044226,400.056133,200.0637875,200.066339,200.0586845,200.040824,200.044226,200.071442,200.0620865,200.0501795,400.0603855,200.0654885,200.0671895,200.059535,200.0433755
0.0,0.0,0.0,0.0,0.0,0.0,0.0,0.0,0.0,0.0,0.0,0.0,0.0,0.0,0.0,0.0,0.0,0.0,0.0,0.0,0.0,0.0,0.0,0.0,0.0,0.0,0.0,0.0,0.0,0.0,0.0,0.0,0.0,0.0,0.0,0.0,0.0,0.0,0.0,0.0,0.0,0.0,0.0,0.0,0.0,0.0,0.0,0.0,0.0,0.0,0.0,0.0,0.0,0.0,0.0,0.0,0.0,0.0,0.0,-599.5539941837441,200.0648,200.046656,200.041472,200.03888,200.098496,200.088128,200.059616,200.060912,400.093312,200.075168,200.050544,200.053136,200.046656,200.102384,200.089424,200.066096,200.07128,400.095904,200.086832,200.060912,200.059616,200.055728,200.10368,200.09072,200.067392,200.085536,400.0972,200.101088,200.089424,200.062208,200.067392,200.108864,200.094608,200.076464,200.092016,400.099792,200.102384,200.09072,200.066096
0.0,0.0,0.0,0.0,0.0,0.0,0.0,0.0,0.0,0.0,0.0,0.0,0.0,0.0,0.0,0.0,0.0,0.0,0.0,0.0,0.0,0.0,0.0,0.0,0.0,0.0,0.0,0.0,0.0,0.0,0.0,0.0,0.0,0.0,0.0,0.0,0.0,0.0,0.0,0.0,0.0,0.0,0.0,0.0,0.0,0.0,0.0,0.0,0.0,0.0,0.0,0.0,0.0,0.0,0.0,0.0,0.0,0.0,0.0,0.0,-599.5753341128552,200.03645,200.0324,200.030375,200.07695,200.06885,200.046575,200.0475875,200.0729,400.058725,200.0394875,200.0415125,200.03645,200.0799875,200.0698625,200.0516375,200.0556875,200.074925,400.0678375,200.0475875,200.046575,200.0435375,200.081,200.070875,200.05265,200.066825,200.0759375,400.078975,200.0698625,200.0486,200.05265,200.08505,200.0739125,200.0597375,200.0718875,200.0779625,400.0799875,200.070875,200.0516375
0.0,0.0,0.0,0.0,0.0,0.0,0.0,0.0,0.0,0.0,0.0,0.0,0.0,0.0,0.0,0.0,0.0,0.0,0.0,0.0,0.0,0.0,0.0,0.0,0.0,0.0,0.0,0.0,0.0,0.0,0.0,0.0,0.0,0.0,0.0,0.0,0.0,0.0,0.0,0.0,0.0,0.0,0.0,0.0,0.0,0.0,0.0,0.0,0.0,0.0,0.0,0.0,0.0,0.0,0.0,0.0,0.0,0.0,0.0,0.0,0.0,-599.7630025962819,200.023328,200.02187,200.055404,200.049572,200.033534,200.034263,200.052488,200.042282,400.028431,200.029889,200.026244,200.057591,200.050301,200.037179,200.040095,200.053946,200.048843,400.034263,200.033534,200.031347,200.05832,200.05103,200.037908,200.048114,200.054675,200.056862,400.050301,200.034992,200.037908,200.061236,200.053217,200.043011,200.051759,200.056133,200.057591,400.05103,200.037179
0.0,0.0,0.0,0.0,0.0,0.0,0.0,0.0,0.0,0.0,0.0,0.0,0.0,0.0,0.0,0.0,0.0,0.0,0.0,0.0,0.0,0.0,0.0,0.0,0.0,0.0,0.0,0.0,0.0,0.0,0.0,0.0,0.0,0.0,0.0,0.0,0.0,0.0,0.0,0.0,0.0,0.0,0.0,0.0,0.0,0.0,0.0,0.0,0.0,0.0,0.0,0.0,0.0,0.0,0.0,0.0,0.0,0.0,0.0,0.0,0.0,0.0,-599.7063699326666,200.01944,200.049248,200.044064,200.029808,200.030456,200.046656,200.037584,200.025272,400.026568,200.023328,200.051192,200.044712,200.033048,200.03564,200.047952,200.043416,200.030456,400.029808,200.027864,200.05184,200.04536,200.033696,200.042768,200.0486,200.050544,200.044712,400.031104,200.033696,200.054432,200.047304,200.038232,200.046008,200.049896,200.051192,200.04536,400.033048
0.0,0.0,0.0,0.0,0.0,0.0,0.0,0.0,0.0,0.0,0.0,0.0,0.0,0.0,0.0,0.0,0.0,0.0,0.0,0.0,0.0,0.0,0.0,0.0,0.0,0.0,0.0,0.0,0.0,0.0,0.0,0.0,0.0,0.0,0.0,0.0,0.0,0.0,0.0,0.0,0.0,0.0,0.0,0.0,0.0,0.0,0.0,0.0,0.0,0.0,0.0,0.0,0.0,0.0,0.0,0.0,0.0,0.0,0.0,0.0,0.0,0.0,0.0,-599.7166254326664,200.04617,200.04131,200.027945,200.0285525,200.04374,200.035235,200.0236925,200.0249075,400.02187,200.0479925,200.0419175,200.0309825,200.0334125,200.044955,200.0407025,200.0285525,200.027945,400.0261225,200.0486,200.042525,200.03159,200.040095,200.0455625,200.047385,200.0419175,200.02916,400.03159,200.05103,200.0443475,200.0358425,200.0431325,200.0467775,200.0479925,200.042525,200.0309825
0.0,0.0,0.0,0.0,0.0,0.0,0.0,0.0,0.0,0.0,0.0,0.0,0.0,0.0,0.0,0.0,0.0,0.0,0.0,0.0,0.0,0.0,0.0,0.0,0.0,0.0,0.0,0.0,0.0,0.0,0.0,0.0,0.0,0.0,0.0,0.0,0.0,0.0,0.0,0.0,0.0,0.0,0.0,0.0,0.0,0.0,0.0,0.0,0.0,0.0,0.0,0.0,0.0,0.0,0.0,0.0,0.0,0.0,0.0,0.0,0.0,0.0,0.0,0.0,-599.4486951102654,200.104652,200.070794,200.072333,200.110808,200.089262,200.060021,200.063099,200.055404,400.121581,200.106191,200.078489,200.084645,200.113886,200.103113,200.072333,200.070794,200.066177,400.12312,200.10773,200.080028,200.101574,200.115425,200.120042,200.106191,200.073872,200.080028,400.129276,200.112347,200.090801,200.109269,200.118503,200.121581,200.10773,200.078489
0.0,0.0,0.0,0.0,0.0,0.0,0.0,0.0,0.0,0.0,0.0,0.0,0.0,0.0,0.0,0.0,0.0,0.0,0.0,0.0,0.0,0.0,0.0,0.0,0.0,0.0,0.0,0.0,0.0,0.0,0.0,0.0,0.0,0.0,0.0,0.0,0.0,0.0,0.0,0.0,0.0,0.0,0.0,0.0,0.0,0.0,0.0,0.0,0.0,0.0,0.0,0.0,0.0,0.0,0.0,0.0,0.0,0.0,0.0,0.0,0.0,0.0,0.0,0.0,0.0,-599.5746113071651,200.063342,200.064719,200.099144,200.079866,200.053703,200.056457,200.049572,200.108783,400.095013,200.070227,200.075735,200.101898,200.092259,200.064719,200.063342,200.059211,200.11016,400.09639,200.071604,200.090882,200.103275,200.107406,200.095013,200.066096,200.071604,200.115668,400.100521,200.081243,200.097767,200.106029,200.108783,200.09639,200.070227
0.0,0.0,0.0,0.0,0.0,0.0,0.0,0.0,0.0,0.0,0.0,0.0,0.0,0.0,0.0,0.0,0.0,0.0,0.0,0.0,0.0,0.0,0.0,0.0,0.0,0.0,0.0,0.0,0.0,0.0,0.0,0.0,0.0,0.0,0.0,0.0,0.0,0.0,0.0,0.0,0.0,0.0,0.0,0.0,0.0,0.0,0.0,0.0,0.0,0.0,0.0,0.0,0.0,0.0,0.0,0.0,0.0,0.0,0.0,0.0,0.0,0.0,0.0,0.0,0.0,0.0,-599.6437421284902,200.0437805,200.067068,200.054027,200.0363285,200.0381915,200.033534,200.0735885,200.0642735,400.0475065,200.0512325,200.068931,200.0624105,200.0437805,200.042849,200.0400545,200.07452,200.065205,400.048438,200.061479,200.0698625,200.072657,200.0642735,200.044712,200.048438,200.078246,200.0679995,400.0549585,200.0661365,200.0717255,200.0735885,200.065205,200.0475065
0.0,0.0,0.0,0.0,0.0,0.0,0.0,0.0,0.0,0.0,0.0,0.0,0.0,0.0,0.0,0.0,0.0,0.0,0.0,0.0,0.0,0.0,0.0,0.0,0.0,0.0,0.0,0.0,0.0,0.0,0.0,0.0,0.0,0.0,0.0,0.0,0.0,0.0,0.0,0.0,0.0,0.0,0.0,0.0,0.0,0.0,0.0,0.0,0.0,0.0,0.0,0.0,0.0,0.0,0.0,0.0,0.0,0.0,0.0,0.0,0.0,0.0,0.0,0.0,0.0,0.0,0.0,-599.6268718076665,200.068526,200.0552015,200.03711825,200.03902175,200.034263,200.07518825,200.06567075,200.04853925,400.05234625,200.0704295,200.06376725,200.04473225,200.0437805,200.04092525,200.07614,200.0666225,200.049491,400.0628155,200.07138125,200.0742365,200.06567075,200.045684,200.049491,200.079947,200.06947775,200.05615325,400.06757425,200.07328475,200.07518825,200.0666225,200.04853925
0.0,0.0,0.0,0.0,0.0,0.0,0.0,0.0,0.0,0.0,0.0,0.0,0.0,0.0,0.0,0.0,0.0,0.0,0.0,0.0,0.0,0.0,0.0,0.0,0.0,0.0,0.0,0.0,0.0,0.0,0.0,0.0,0.0,0.0,0.0,0.0,0.0,0.0,0.0,0.0,0.0,0.0,0.0,0.0,0.0,0.0,0.0,0.0,0.0,0.0,0.0,0.0,0.0,0.0,0.0,0.0,0.0,0.0,0.0,0.0,0.0,0.0,0.0,0.0,0.0,0.0,0.0,0.0,-599.5181514843422,200.084564,200.056862,200.059778,200.052488,200.115182,200.100602,200.074358,200.08019,400.107892,200.097686,200.068526,200.067068,200.062694,200.11664,200.10206,200.075816,200.096228,400.10935,200.113724,200.100602,200.069984,200.075816,200.122472,200.106434,200.086022,200.103518,400.112266,200.115182,200.10206,200.074358
0.0,0.0,0.0,0.0,0.0,0.0,0.0,0.0,0.0,0.0,0.0,0.0,0.0,0.0,0.0,0.0,0.0,0.0,0.0,0.0,0.0,0.0,0.0,0.0,0.0,0.0,0.0,0.0,0.0,0.0,0.0,0.0,0.0,0.0,0.0,0.0,0.0,0.0,0.0,0.0,0.0,0.0,0.0,0.0,0.0,0.0,0.0,0.0,0.0,0.0,0.0,0.0,0.0,0.0,0.0,0.0,0.0,0.0,0.0,0.0,0.0,0.0,0.0,0.0,0.0,0.0,0.0,0.0,0.0,-599.5656774326665,200.0458055,200.0481545,200.042282,200.0927855,200.0810405,200.0598995,200.0645975,200.086913,400.0786915,200.0552015,200.054027,200.0505035,200.09396,200.082215,200.061074,200.077517,200.0880875,400.091611,200.0810405,200.056376,200.061074,200.098658,200.0857385,200.0692955,200.0833895,200.0904365,400.0927855,200.082215,200.0598995
0.0,0.0,0.0,0.0,0.0,0.0,0.0,0.0,0.0,0.0,0.0,0.0,0.0,0.0,0.0,0.0,0.0,0.0,0.0,0.0,0.0,0.0,0.0,0.0,0.0,0.0,0.0,0.0,0.0,0.0,0.0,0.0,0.0,0.0,0.0,0.0,0.0,0.0,0.0,0.0,0.0,0.0,0.0,0.0,0.0,0.0,0.0,0.0,0.0,0.0,0.0,0.0,0.0,0.0,0.0,0.0,0.0,0.0,0.0,0.0,0.0,0.0,0.0,0.0,0.0,0.0,0.0,0.0,0.0,0.0,-599.7682778804797,200.03237975,200.028431,200.06239025,200.05449275,200.04027725,200.04343625,200.0584415,200.05291325,400.03711825,200.0363285,200.03395925,200.06318,200.0552825,200.041067,200.0521235,200.05923125,200.0616005,400.05449275,200.037908,200.041067,200.066339,200.05765175,200.04659525,200.05607225,200.06081075,200.06239025,400.0552825,200.04027725
0.0,0.0,0.0,0.0,0.0,0.0,0.0,0.0,0.0,0.0,0.0,0.0,0.0,0.0,0.0,0.0,0.0,0.0,0.0,0.0,0.0,0.0,0.0,0.0,0.0,0.0,0.0,0.0,0.0,0.0,0.0,0.0,0.0,0.0,0.0,0.0,0.0,0.0,0.0,0.0,0.0,0.0,0.0,0.0,0.0,0.0,0.0,0.0,0.0,0.0,0.0,0.0,0.0,0.0,0.0,0.0,0.0,0.0,0.0,0.0,0.0,0.0,0.0,0.0,0.0,0.0,0.0,0.0,0.0,0.0,0.0,-599.6706465034902,200.029889,200.06558975,200.05728725,200.04234275,200.04566375,200.0614385,200.05562675,200.03902175,400.0381915,200.03570075,200.06642,200.0581175,200.043173,200.0547965,200.06226875,200.0647595,200.05728725,400.039852,200.043173,200.069741,200.06060825,200.04898475,200.05894775,200.06392925,200.06558975,200.0581175,400.04234275
0.0,0.0,0.0,0.0,0.0,0.0,0.0,0.0,0.0,0.0,0.0,0.0,0.0,0.0,0.0,0.0,0.0,0.0,0.0,0.0,0.0,0.0,0.0,0.0,0.0,0.0,0.0,0.0,0.0,0.0,0.0,0.0,0.0,0.0,0.0,0.0,0.0,0.0,0.0,0.0,0.0,0.0,0.0,0.0,0.0,0.0,0.0,0.0,0.0,0.0,0.0,0.0,0.0,0.0,0.0,0.0,0.0,0.0,0.0,0.0,0.0,0.0,0.0,0.0,0.0,0.0,0.0,0.0,0.0,0.0,0.0,0.0,-599.7523073071652,200.057591,200.050301,200.037179,200.040095,200.053946,200.048843,200.034263,200.033534,400.031347,200.05832,200.05103,200.037908,200.048114,200.054675,200.056862,200.050301,200.034992,400.037908,200.061236,200.053217,200.043011,200.051759,200.056133,200.057591,200.05103,200.037179
0.0,0.0,0.0,0.0,0.0,0.0,0.0,0.0,0.0,0.0,0.0,0.0,0.0,0.0,0.0,0.0,0.0,0.0,0.0,0.0,0.0,0.0,0.0,0.0,0.0,0.0,0.0,0.0,0.0,0.0,0.0,0.0,0.0,0.0,0.0,0.0,0.0,0.0,0.0,0.0,0.0,0.0,0.0,0.0,0.0,0.0,0.0,0.0,0.0,0.0,0.0,0.0,0.0,0.0,0.0,0.0,0.0,0.0,0.0,0.0,0.0,0.0,0.0,0.0,0.0,0.0,0.0,0.0,0.0,0.0,0.0,0.0,0.0,-599.4420478076665,200.11038275,200.08158725,200.08798625,200.1183815,200.10718325,200.07518825,200.0735885,200.06878925,400.12798,200.1119825,200.083187,200.1055835,200.11998125,200.1247805,200.11038275,200.076788,200.083187,400.134379,200.11678175,200.09438525,200.11358225,200.12318075,200.12638025,200.1119825,200.08158725
0.0,0.0,0.0,0.0,0.0,0.0,0.0,0.0,0.0,0.0,0.0,0.0,0.0,0.0,0.0,0.0,0.0,0.0,0.0,0.0,0.0,0.0,0.0,0.0,0.0,0.0,0.0,0.0,0.0,0.0,0.0,0.0,0.0,0.0,0.0,0.0,0.0,0.0,0.0,0.0,0.0,0.0,0.0,0.0,0.0,0.0,0.0,0.0,0.0,0.0,0.0,0.0,0.0,0.0,0.0,0.0,0.0,0.0,0.0,0.0,0.0,0.0,0.0,0.0,0.0,0.0,0.0,0.0,0.0,0.0,0.0,0.0,0.0,0.0,-599.5794194712819,200.07125975,200.07684875,200.1033965,200.09361575,200.06567075,200.0642735,200.06008175,200.11178,400.0978075,200.072657,200.0922185,200.10479375,200.1089855,200.09641025,200.067068,200.072657,200.117369,400.10199925,200.08243775,200.09920475,200.10758825,200.11038275,200.0978075,200.07125975
0.0,0.0,0.0,0.0,0.0,0.0,0.0,0.0,0.0,0.0,0.0,0.0,0.0,0.0,0.0,0.0,0.0,0.0,0.0,0.0,0.0,0.0,0.0,0.0,0.0,0.0,0.0,0.0,0.0,0.0,0.0,0.0,0.0,0.0,0.0,0.0,0.0,0.0,0.0,0.0,0.0,0.0,0.0,0.0,0.0,0.0,0.0,0.0,0.0,0.0,0.0,0.0,0.0,0.0,0.0,0.0,0.0,0.0,0.0,0.0,0.0,0.0,0.0,0.0,0.0,0.0,0.0,0.0,0.0,0.0,0.0,0.0,0.0,0.0,0.0,-599.6388043593422,200.05680125,200.0764235,200.06919425,200.04853925,200.0475065,200.04440825,200.08262,200.0722925,400.053703,200.0681615,200.07745625,200.0805545,200.07125975,200.049572,200.053703,200.086751,200.07539075,400.06093225,200.07332525,200.07952175,200.08158725,200.0722925,200.05267025
0.0,0.0,0.0,0.0,0.0,0.0,0.0,0.0,0.0,0.0,0.0,0.0,0.0,0.0,0.0,0.0,0.0,0.0,0.0,0.0,0.0,0.0,0.0,0.0,0.0,0.0,0.0,0.0,0.0,0.0,0.0,0.0,0.0,0.0,0.0,0.0,0.0,0.0,0.0,0.0,0.0,0.0,0.0,0.0,0.0,0.0,0.0,0.0,0.0,0.0,0.0,0.0,0.0,0.0,0.0,0.0,0.0,0.0,0.0,0.0,0.0,0.0,0.0,0.0,0.0,0.0,0.0,0.0,0.0,0.0,0.0,0.0,0.0,0.0,0.0,0.0,-599.5940385034901,200.0824175,200.07462125,200.05234625,200.0512325,200.04789125,200.0891,200.0779625,200.057915,400.0735075,200.08353125,200.0868725,200.07684875,200.05346,200.057915,200.093555,200.08130375,200.06571125,400.07907625,200.08575875,200.08798625,200.0779625,200.05680125
0.0,0.0,0.0,0.0,0.0,0.0,0.0,0.0,0.0,0.0,0.0,0.0,0.0,0.0,0.0,0.0,0.0,0.0,0.0,0.0,0.0,0.0,0.0,0.0,0.0,0.0,0.0,0.0,0.0,0.0,0.0,0.0,0.0,0.0,0.0,0.0,0.0,0.0,0.0,0.0,0.0,0.0,0.0,0.0,0.0,0.0,0.0,0.0,0.0,0.0,0.0,0.0,0.0,0.0,0.0,0.0,0.0,0.0,0.0,0.0,0.0,0.0,0.0,0.0,0.0,0.0,0.0,0.0,0.0,0.0,0.0,0.0,0.0,0.0,0.0,0.0,0.0,-599.5172448205287,200.1003995,200.0704295,200.068931,200.0644355,200.11988,200.104895,200.077922,200.098901,400.1123875,200.116883,200.1033965,200.071928,200.077922,200.125874,200.1093905,200.0884115,200.1063935,400.1153845,200.1183815,200.104895,200.0764235
0.0,0.0,0.0,0.0,0.0,0.0,0.0,0.0,0.0,0.0,0.0,0.0,0.0,0.0,0.0,0.0,0.0,0.0,0.0,0.0,0.0,0.0,0.0,0.0,0.0,0.0,0.0,0.0,0.0,0.0,0.0,0.0,0.0,0.0,0.0,0.0,0.0,0.0,0.0,0.0,0.0,0.0,0.0,0.0,0.0,0.0,0.0,0.0,0.0,0.0,0.0,0.0,0.0,0.0,0.0,0.0,0.0,0.0,0.0,0.0,0.0,0.0,0.0,0.0,0.0,0.0,0.0,0.0,0.0,0.0,0.0,0.0,0.0,0.0,0.0,0.0,0.0,0.0,-599.5476883593421,200.06376725,200.0624105,200.05834025,200.10854,200.0949725,200.070551,200.0895455,200.10175625,400.1058265,200.09361575,200.065124,200.070551,200.113967,200.09904275,200.08004825,200.09632925,200.10446975,400.10718325,200.0949725,200.06919425
0.0,0.0,0.0,0.0,0.0,0.0,0.0,0.0,0.0,0.0,0.0,0.0,0.0,0.0,0.0,0.0,0.0,0.0,0.0,0.0,0.0,0.0,0.0,0.0,0.0,0.0,0.0,0.0,0.0,0.0,0.0,0.0,0.0,0.0,0.0,0.0,0.0,0.0,0.0,0.0,0.0,0.0,0.0,0.0,0.0,0.0,0.0,0.0,0.0,0.0,0.0,0.0,0.0,0.0,0.0,0.0,0.0,0.0,0.0,0.0,0.0,0.0,0.0,0.0,0.0,0.0,0.0,0.0,0.0,0.0,0.0,0.0,0.0,0.0,0.0,0.0,0.0,0.0,0.0,-599.7356746675154,200.0437805,200.04092525,200.07614,200.0666225,200.049491,200.0628155,200.07138125,200.0742365,400.06567075,200.045684,200.049491,200.079947,200.06947775,200.05615325,200.06757425,200.07328475,200.07518825,400.0666225,200.04853925
0.0,0.0,0.0,0.0,0.0,0.0,0.0,0.0,0.0,0.0,0.0,0.0,0.0,0.0,0.0,0.0,0.0,0.0,0.0,0.0,0.0,0.0,0.0,0.0,0.0,0.0,0.0,0.0,0.0,0.0,0.0,0.0,0.0,0.0,0.0,0.0,0.0,0.0,0.0,0.0,0.0,0.0,0.0,0.0,0.0,0.0,0.0,0.0,0.0,0.0,0.0,0.0,0.0,0.0,0.0,0.0,0.0,0.0,0.0,0.0,0.0,0.0,0.0,0.0,0.0,0.0,0.0,0.0,0.0,0.0,0.0,0.0,0.0,0.0,0.0,0.0,0.0,0.0,0.0,0.0,-599.6550416837441,200.0400545,200.07452,200.065205,200.048438,200.061479,200.0698625,200.072657,200.0642735,400.044712,200.048438,200.078246,200.0679995,200.0549585,200.0661365,200.0717255,200.0735885,200.065205,400.0475065
0.0,0.0,0.0,0.0,0.0,0.0,0.0,0.0,0.0,0.0,0.0,0.0,0.0,0.0,0.0,0.0,0.0,0.0,0.0,0.0,0.0,0.0,0.0,0.0,0.0,0.0,0.0,0.0,0.0,0.0,0.0,0.0,0.0,0.0,0.0,0.0,0.0,0.0,0.0,0.0,0.0,0.0,0.0,0.0,0.0,0.0,0.0,0.0,0.0,0.0,0.0,0.0,0.0,0.0,0.0,0.0,0.0,0.0,0.0,0.0,0.0,0.0,0.0,0.0,0.0,0.0,0.0,0.0,0.0,0.0,0.0,0.0,0.0,0.0,0.0,0.0,0.0,0.0,0.0,0.0,0.0,-599.725903471282,200.06966,200.0609525,200.045279,200.0574695,200.06530625,200.0679185,200.06008175,200.041796,400.045279,200.073143,200.06356475,200.05137425,200.06182325,200.06704775,200.06878925,200.0609525,200.04440825
0.0,0.0,0.0,0.0,0.0,0.0,0.0,0.0,0.0,0.0,0.0,0.0,0.0,0.0,0.0,0.0,0.0,0.0,0.0,0.0,0.0,0.0,0.0,0.0,0.0,0.0,0.0,0.0,0.0,0.0,0.0,0.0,0.0,0.0,0.0,0.0,0.0,0.0,0.0,0.0,0.0,0.0,0.0,0.0,0.0,0.0,0.0,0.0,0.0,0.0,0.0,0.0,0.0,0.0,0.0,0.0,0.0,0.0,0.0,0.0,0.0,0.0,0.0,0.0,0.0,0.0,0.0,0.0,0.0,0.0,0.0,0.0,0.0,0.0,0.0,0.0,0.0,0.0,0.0,0.0,0.0,0.0,-599.4808893205287,200.1134,200.08424,200.10692,200.1215,200.12636,200.11178,200.07776,200.08424,400.13608,200.11826,200.09558,200.11502,200.12474,200.12798,200.1134,200.08262
0.0,0.0,0.0,0.0,0.0,0.0,0.0,0.0,0.0,0.0,0.0,0.0,0.0,0.0,0.0,0.0,0.0,0.0,0.0,0.0,0.0,0.0,0.0,0.0,0.0,0.0,0.0,0.0,0.0,0.0,0.0,0.0,0.0,0.0,0.0,0.0,0.0,0.0,0.0,0.0,0.0,0.0,0.0,0.0,0.0,0.0,0.0,0.0,0.0,0.0,0.0,0.0,0.0,0.0,0.0,0.0,0.0,0.0,0.0,0.0,0.0,0.0,0.0,0.0,0.0,0.0,0.0,0.0,0.0,0.0,0.0,0.0,0.0,0.0,0.0,0.0,0.0,0.0,0.0,0.0,0.0,0.0,0.0,-599.6049282925153,200.07371,200.093555,200.1063125,200.110565,200.0978075,200.06804,200.07371,200.11907,400.1034775,200.0836325,200.1006425,200.1091475,200.1119825,200.099225,200.0722925
0.0,0.0,0.0,0.0,0.0,0.0,0.0,0.0,0.0,0.0,0.0,0.0,0.0,0.0,0.0,0.0,0.0,0.0,0.0,0.0,0.0,0.0,0.0,0.0,0.0,0.0,0.0,0.0,0.0,0.0,0.0,0.0,0.0,0.0,0.0,0.0,0.0,0.0,0.0,0.0,0.0,0.0,0.0,0.0,0.0,0.0,0.0,0.0,0.0,0.0,0.0,0.0,0.0,0.0,0.0,0.0,0.0,0.0,0.0,0.0,0.0,0.0,0.0,0.0,0.0,0.0,0.0,0.0,0.0,0.0,0.0,0.0,0.0,0.0,0.0,0.0,0.0,0.0,0.0,0.0,0.0,0.0,0.0,0.0,-599.6552403910609,200.069498,200.078975,200.082134,200.072657,200.050544,200.054756,200.088452,200.076869,400.062127,200.074763,200.081081,200.083187,200.07371,200.053703
0.0,0.0,0.0,0.0,0.0,0.0,0.0,0.0,0.0,0.0,0.0,0.0,0.0,0.0,0.0,0.0,0.0,0.0,0.0,0.0,0.0,0.0,0.0,0.0,0.0,0.0,0.0,0.0,0.0,0.0,0.0,0.0,0.0,0.0,0.0,0.0,0.0,0.0,0.0,0.0,0.0,0.0,0.0,0.0,0.0,0.0,0.0,0.0,0.0,0.0,0.0,0.0,0.0,0.0,0.0,0.0,0.0,0.0,0.0,0.0,0.0,0.0,0.0,0.0,0.0,0.0,0.0,0.0,0.0,0.0,0.0,0.0,0.0,0.0,0.0,0.0,0.0,0.0,0.0,0.0,0.0,0.0,0.0,0.0,0.0,-599.5645848205288,200.1002375,200.104247,200.0922185,200.064152,200.069498,200.112266,200.0975645,200.0788535,400.0948915,200.1029105,200.1055835,200.093555,200.0681615
0.0,0.0,0.0,0.0,0.0,0.0,0.0,0.0,0.0,0.0,0.0,0.0,0.0,0.0,0.0,0.0,0.0,0.0,0.0,0.0,0.0,0.0,0.0,0.0,0.0,0.0,0.0,0.0,0.0,0.0,0.0,0.0,0.0,0.0,0.0,0.0,0.0,0.0,0.0,0.0,0.0,0.0,0.0,0.0,0.0,0.0,0.0,0.0,0.0,0.0,0.0,0.0,0.0,0.0,0.0,0.0,0.0,0.0,0.0,0.0,0.0,0.0,0.0,0.0,0.0,0.0,0.0,0.0,0.0,0.0,0.0,0.0,0.0,0.0,0.0,0.0,0.0,0.0,0.0,0.0,0.0,0.0,0.0,0.0,0.0,0.0,-599.5221652660609,200.1184625,200.10479375,200.0729,200.078975,200.127575,200.11086875,200.08960625,200.10783125,400.11694375,200.11998125,200.1063125,200.07745625
0.0,0.0,0.0,0.0,0.0,0.0,0.0,0.0,0.0,0.0,0.0,0.0,0.0,0.0,0.0,0.0,0.0,0.0,0.0,0.0,0.0,0.0,0.0,0.0,0.0,0.0,0.0,0.0,0.0,0.0,0.0,0.0,0.0,0.0,0.0,0.0,0.0,0.0,0.0,0.0,0.0,0.0,0.0,0.0,0.0,0.0,0.0,0.0,0.0,0.0,0.0,0.0,0.0,0.0,0.0,0.0,0.0,0.0,0.0,0.0,0.0,0.0,0.0,0.0,0.0,0.0,0.0,0.0,0.0,0.0,0.0,0.0,0.0,0.0,0.0,0.0,0.0,0.0,0.0,0.0,0.0,0.0,0.0,0.0,0.0,0.0,0.0,-599.4930888205288,200.1089855,200.075816,200.082134,200.132678,200.1153035,200.0931905,200.1121445,200.1216215,400.1247805,200.110565,200.0805545
0.0,0.0,0.0,0.0,0.0,0.0,0.0,0.0,0.0,0.0,0.0,0.0,0.0,0.0,0.0,0.0,0.0,0.0,0.0,0.0,0.0,0.0,0.0,0.0,0.0,0.0,0.0,0.0,0.0,0.0,0.0,0.0,0.0,0.0,0.0,0.0,0.0,0.0,0.0,0.0,0.0,0.0,0.0,0.0,0.0,0.0,0.0,0.0,0.0,0.0,0.0,0.0,0.0,0.0,0.0,0.0,0.0,0.0,0.0,0.0,0.0,0.0,0.0,0.0,0.0,0.0,0.0,0.0,0.0,0.0,0.0,0.0,0.0,0.0,0.0,0.0,0.0,0.0,0.0,0.0,0.0,0.0,0.0,0.0,0.0,0.0,0.0,0.0,-599.6210921676825,200.067068,200.072657,200.117369,200.10199925,200.08243775,200.09920475,200.10758825,200.11038275,400.0978075,200.07125975
0.0,0.0,0.0,0.0,0.0,0.0,0.0,0.0,0.0,0.0,0.0,0.0,0.0,0.0,0.0,0.0,0.0,0.0,0.0,0.0,0.0,0.0,0.0,0.0,0.0,0.0,0.0,0.0,0.0,0.0,0.0,0.0,0.0,0.0,0.0,0.0,0.0,0.0,0.0,0.0,0.0,0.0,0.0,0.0,0.0,0.0,0.0,0.0,0.0,0.0,0.0,0.0,0.0,0.0,0.0,0.0,0.0,0.0,0.0,0.0,0.0,0.0,0.0,0.0,0.0,0.0,0.0,0.0,0.0,0.0,0.0,0.0,0.0,0.0,0.0,0.0,0.0,0.0,0.0,0.0,0.0,0.0,0.0,0.0,0.0,0.0,0.0,0.0,0.0,-599.6881013071652,200.050544,200.081648,200.070956,200.057348,200.069012,200.074844,200.076788,200.06804,400.049572
0.0,0.0,0.0,0.0,0.0,0.0,0.0,0.0,0.0,0.0,0.0,0.0,0.0,0.0,0.0,0.0,0.0,0.0,0.0,0.0,0.0,0.0,0.0,0.0,0.0,0.0,0.0,0.0,0.0,0.0,0.0,0.0,0.0,0.0,0.0,0.0,0.0,0.0,0.0,0.0,0.0,0.0,0.0,0.0,0.0,0.0,0.0,0.0,0.0,0.0,0.0,0.0,0.0,0.0,0.0,0.0,0.0,0.0,0.0,0.0,0.0,0.0,0.0,0.0,0.0,0.0,0.0,0.0,0.0,0.0,0.0,0.0,0.0,0.0,0.0,0.0,0.0,0.0,0.0,0.0,0.0,0.0,0.0,0.0,0.0,0.0,0.0,0.0,0.0,0.0,-599.6978000054797,200.088452,200.076869,200.062127,200.074763,200.081081,200.083187,200.07371,200.053703
0.0,0.0,0.0,0.0,0.0,0.0,0.0,0.0,0.0,0.0,0.0,0.0,0.0,0.0,0.0,0.0,0.0,0.0,0.0,0.0,0.0,0.0,0.0,0.0,0.0,0.0,0.0,0.0,0.0,0.0,0.0,0.0,0.0,0.0,0.0,0.0,0.0,0.0,0.0,0.0,0.0,0.0,0.0,0.0,0.0,0.0,0.0,0.0,0.0,0.0,0.0,0.0,0.0,0.0,0.0,0.0,0.0,0.0,0.0,0.0,0.0,0.0,0.0,0.0,0.0,0.0,0.0,0.0,0.0,0.0,0.0,0.0,0.0,0.0,0.0,0.0,0.0,0.0,0.0,0.0,0.0,0.0,0.0,0.0,0.0,0.0,0.0,0.0,0.0,0.0,0.0,-599.467176391061,200.124173,200.100359,200.120771,200.130977,200.134379,200.11907,200.086751
0.0,0.0,0.0,0.0,0.0,0.0,0.0,0.0,0.0,0.0,0.0,0.0,0.0,0.0,0.0,0.0,0.0,0.0,0.0,0.0,0.0,0.0,0.0,0.0,0.0,0.0,0.0,0.0,0.0,0.0,0.0,0.0,0.0,0.0,0.0,0.0,0.0,0.0,0.0,0.0,0.0,0.0,0.0,0.0,0.0,0.0,0.0,0.0,0.0,0.0,0.0,0.0,0.0,0.0,0.0,0.0,0.0,0.0,0.0,0.0,0.0,0.0,0.0,0.0,0.0,0.0,0.0,0.0,0.0,0.0,0.0,0.0,0.0,0.0,0.0,0.0,0.0,0.0,0.0,0.0,0.0,0.0,0.0,0.0,0.0,0.0,0.0,0.0,0.0,0.0,0.0,0.0,-599.5973411676824,200.08721675,200.10495575,200.11382525,200.11678175,200.1034775,200.07539075
0.0,0.0,0.0,0.0,0.0,0.0,0.0,0.0,0.0,0.0,0.0,0.0,0.0,0.0,0.0,0.0,0.0,0.0,0.0,0.0,0.0,0.0,0.0,0.0,0.0,0.0,0.0,0.0,0.0,0.0,0.0,0.0,0.0,0.0,0.0,0.0,0.0,0.0,0.0,0.0,0.0,0.0,0.0,0.0,0.0,0.0,0.0,0.0,0.0,0.0,0.0,0.0,0.0,0.0,0.0,0.0,0.0,0.0,0.0,0.0,0.0,0.0,0.0,0.0,0.0,0.0,0.0,0.0,0.0,0.0,0.0,0.0,0.0,0.0,0.0,0.0,0.0,0.0,0.0,0.0,0.0,0.0,0.0,0.0,0.0,0.0,0.0,0.0,0.0,0.0,0.0,0.0,0.0,-599.6266841821651,200.08482725,200.09199575,200.09438525,200.0836325,200.06093225
0.0,0.0,0.0,0.0,0.0,0.0,0.0,0.0,0.0,0.0,0.0,0.0,0.0,0.0,0.0,0.0,0.0,0.0,0.0,0.0,0.0,0.0,0.0,0.0,0.0,0.0,0.0,0.0,0.0,0.0,0.0,0.0,0.0,0.0,0.0,0.0,0.0,0.0,0.0,0.0,0.0,0.0,0.0,0.0,0.0,0.0,0.0,0.0,0.0,0.0,0.0,0.0,0.0,0.0,0.0,0.0,0.0,0.0,0.0,0.0,0.0,0.0,0.0,0.0,0.0,0.0,0.0,0.0,0.0,0.0,0.0,0.0,0.0,0.0,0.0,0.0,0.0,0.0,0.0,0.0,0.0,0.0,0.0,0.0,0.0,0.0,0.0,0.0,0.0,0.0,0.0,0.0,0.0,0.0,-599.567584471282,200.11070675,200.11358225,200.1006425,200.07332525
0.0,0.0,0.0,0.0,0.0,0.0,0.0,0.0,0.0,0.0,0.0,0.0,0.0,0.0,0.0,0.0,0.0,0.0,0.0,0.0,0.0,0.0,0.0,0.0,0.0,0.0,0.0,0.0,0.0,0.0,0.0,0.0,0.0,0.0,0.0,0.0,0.0,0.0,0.0,0.0,0.0,0.0,0.0,0.0,0.0,0.0,0.0,0.0,0.0,0.0,0.0,0.0,0.0,0.0,0.0,0.0,0.0,0.0,0.0,0.0,0.0,0.0,0.0,0.0,0.0,0.0,0.0,0.0,0.0,0.0,0.0,0.0,0.0,0.0,0.0,0.0,0.0,0.0,0.0,0.0,0.0,0.0,0.0,0.0,0.0,0.0,0.0,0.0,0.0,0.0,0.0,0.0,0.0,0.0,0.0,-599.5315934712819,200.12318075,200.1091475,200.07952175
0.0,0.0,0.0,0.0,0.0,0.0,0.0,0.0,0.0,0.0,0.0,0.0,0.0,0.0,0.0,0.0,0.0,0.0,0.0,0.0,0.0,0.0,0.0,0.0,0.0,0.0,0.0,0.0,0.0,0.0,0.0,0.0,0.0,0.0,0.0,0.0,0.0,0.0,0.0,0.0,0.0,0.0,0.0,0.0,0.0,0.0,0.0,0.0,0.0,0.0,0.0,0.0,0.0,0.0,0.0,0.0,0.0,0.0,0.0,0.0,0.0,0.0,0.0,0.0,0.0,0.0,0.0,0.0,0.0,0.0,0.0,0.0,0.0,0.0,0.0,0.0,0.0,0.0,0.0,0.0,0.0,0.0,0.0,0.0,0.0,0.0,0.0,0.0,0.0,0.0,0.0,0.0,0.0,0.0,0.0,0.0,-599.5300165806125,200.1119825,200.08158725
0.0,0.0,0.0,0.0,0.0,0.0,0.0,0.0,0.0,0.0,0.0,0.0,0.0,0.0,0.0,0.0,0.0,0.0,0.0,0.0,0.0,0.0,0.0,0.0,0.0,0.0,0.0,0.0,0.0,0.0,0.0,0.0,0.0,0.0,0.0,0.0,0.0,0.0,0.0,0.0,0.0,0.0,0.0,0.0,0.0,0.0,0.0,0.0,0.0,0.0,0.0,0.0,0.0,0.0,0.0,0.0,0.0,0.0,0.0,0.0,0.0,0.0,0.0,0.0,0.0,0.0,0.0,0.0,0.0,0.0,0.0,0.0,0.0,0.0,0.0,0.0,0.0,0.0,0.0,0.0,0.0,0.0,0.0,0.0,0.0,0.0,0.0,0.0,0.0,0.0,0.0,0.0,0.0,0.0,0.0,0.0,0.0,-599.6253371641466,200.0722925
0.0,0.0,0.0,0.0,0.0,0.0,0.0,0.0,0.0,0.0,0.0,0.0,0.0,0.0,0.0,0.0,0.0,0.0,0.0,0.0,0.0,0.0,0.0,0.0,0.0,0.0,0.0,0.0,0.0,0.0,0.0,0.0,0.0,0.0,0.0,0.0,0.0,0.0,0.0,0.0,0.0,0.0,0.0,0.0,0.0,0.0,0.0,0.0,0.0,0.0,0.0,0.0,0.0,0.0,0.0,0.0,0.0,0.0,0.0,0.0,0.0,0.0,0.0,0.0,0.0,0.0,0.0,0.0,0.0,0.0,0.0,0.0,0.0,0.0,0.0,0.0,0.0,0.0,0.0,0.0,0.0,0.0,0.0,0.0,0.0,0.0,0.0,0.0,0.0,0.0,0.0,0.0,0.0,0.0,0.0,0.0,0.0,0.0,-599.7033428804798
